/objectDisplay?objectId=2960,434.772968
/objectDisplay?objectId=2960,412.418842
/objectDisplay?objectId=2960,420.583963
/objectDisplay?objectId=2960,408.282042
/objectDisplay?objectId=2960,387.952089
/objectDisplay?objectId=2960,373.335123
/objectDisplay?objectId=2960,385.921001
/objectDisplay?objectId=2960,395.376921
/objectDisplay?objectId=2960,394.356012
/objectDisplay?objectId=2960,387.275934
/objectDisplay?objectId=2960,391.659975
/objectDisplay?objectId=2960,380.017996
/objectDisplay?objectId=2960,380.735874
/objectDisplay?objectId=2960,373.615980
/objectDisplay?objectId=2960,385.194063
/objectDisplay?objectId=1512,391.473055
/objectDisplay?objectId=1512,386.594057
/objectDisplay?objectId=1512,368.647099
/objectDisplay?objectId=1512,363.862038
/objectDisplay?objectId=1512,366.310120
/objectDisplay?objectId=1512,382.108212
/objectDisplay?objectId=1512,387.414217
/objectDisplay?objectId=1512,387.950897
/objectDisplay?objectId=1512,350.230932
/objectDisplay?objectId=1512,375.915051
/objectDisplay?objectId=1512,378.664017
/objectDisplay?objectId=1512,388.787985
/objectDisplay?objectId=1512,398.646116
/objectDisplay?objectId=1512,349.720955
/objectDisplay?objectId=1512,365.711212
/objectDisplay?objectId=1907,534.517050
/objectDisplay?objectId=1907,517.372131
/objectDisplay?objectId=1907,539.902925
/objectDisplay?objectId=1907,510.198116
/objectDisplay?objectId=1907,494.905949
/objectDisplay?objectId=1907,505.454063
/objectDisplay?objectId=1907,520.274162
/objectDisplay?objectId=1907,519.986868
/objectDisplay?objectId=1907,480.358124
/objectDisplay?objectId=1907,511.122942
/objectDisplay?objectId=1907,512.070894
/objectDisplay?objectId=1907,531.045914
/objectDisplay?objectId=1907,511.496067
/objectDisplay?objectId=1907,499.779940
/objectDisplay?objectId=1907,514.725924
/objectDisplay?objectId=3075,416.008949
/objectDisplay?objectId=3075,343.967915
/objectDisplay?objectId=3075,412.665129
/objectDisplay?objectId=3075,406.785965
/objectDisplay?objectId=3075,356.422186
/objectDisplay?objectId=3075,410.516024
/objectDisplay?objectId=3075,410.344839
/objectDisplay?objectId=3075,353.842020
/objectDisplay?objectId=3075,407.094955
/objectDisplay?objectId=3075,415.225983
/objectDisplay?objectId=3075,349.903107
/objectDisplay?objectId=3075,404.890060
/objectDisplay?objectId=3075,405.323982
/objectDisplay?objectId=3075,358.243942
/objectDisplay?objectId=3075,406.081915
/objectDisplay?objectId=1240,569.631100
/objectDisplay?objectId=1240,496.129990
/objectDisplay?objectId=1240,547.249794
/objectDisplay?objectId=1240,550.227165
/objectDisplay?objectId=1240,486.904144
/objectDisplay?objectId=1240,544.738054
/objectDisplay?objectId=1240,553.515911
/objectDisplay?objectId=1240,484.100819
/objectDisplay?objectId=1240,544.368029
/objectDisplay?objectId=1240,550.267935
/objectDisplay?objectId=1240,488.721132
/objectDisplay?objectId=1240,551.105022
/objectDisplay?objectId=1240,541.689873
/objectDisplay?objectId=1240,492.436171
/objectDisplay?objectId=1240,542.032957
/objectDisplay?objectId=2721,420.844078
/objectDisplay?objectId=2721,357.405901
/objectDisplay?objectId=2721,405.877113
/objectDisplay?objectId=2721,324.238062
/objectDisplay?objectId=2721,413.397789
/objectDisplay?objectId=2721,312.139988
/objectDisplay?objectId=2721,414.073944
/objectDisplay?objectId=2721,310.509920
/objectDisplay?objectId=2721,411.074877
/objectDisplay?objectId=2721,316.591978
/objectDisplay?objectId=2721,410.930872
/objectDisplay?objectId=2721,316.475868
/objectDisplay?objectId=2721,412.182093
/objectDisplay?objectId=2721,314.599037
/objectDisplay?objectId=2721,412.840843
/objectDisplay?objectId=1523,962.471008
/objectDisplay?objectId=1523,858.843088
/objectDisplay?objectId=1523,862.092972
/objectDisplay?objectId=1523,906.239986
/objectDisplay?objectId=1523,915.884018
/objectDisplay?objectId=1523,883.122921
/objectDisplay?objectId=1523,843.060970
/objectDisplay?objectId=1523,903.629065
/objectDisplay?objectId=1523,917.515993
/objectDisplay?objectId=1523,937.268972
/objectDisplay?objectId=1523,853.904009
/objectDisplay?objectId=1523,1049.658060
/objectDisplay?objectId=1523,930.310011
/objectDisplay?objectId=1523,867.090225
/objectDisplay?objectId=1523,876.441002
/objectDisplay?objectId=2641,416.915894
/objectDisplay?objectId=2641,331.711054
/objectDisplay?objectId=2641,317.688942
/objectDisplay?objectId=2641,422.880888
/objectDisplay?objectId=2641,305.889845
/objectDisplay?objectId=2641,410.385132
/objectDisplay?objectId=2641,339.792967
/objectDisplay?objectId=2641,323.255062
/objectDisplay?objectId=2641,443.233967
/objectDisplay?objectId=2641,332.209110
/objectDisplay?objectId=2641,361.210108
/objectDisplay?objectId=2641,390.963078
/objectDisplay?objectId=2641,311.567068
/objectDisplay?objectId=2641,388.216019
/objectDisplay?objectId=2641,350.619078
/objectDisplay?objectId=1731,324.292898
/objectDisplay?objectId=1731,444.980860
/objectDisplay?objectId=1731,335.982084
/objectDisplay?objectId=1731,326.030016
/objectDisplay?objectId=1731,422.623873
/objectDisplay?objectId=1731,325.439930
/objectDisplay?objectId=1731,355.360985
/objectDisplay?objectId=1731,415.272951
/objectDisplay?objectId=1731,309.962034
/objectDisplay?objectId=1731,396.286964
/objectDisplay?objectId=1731,379.734039
/objectDisplay?objectId=1731,300.871134
/objectDisplay?objectId=1731,431.806087
/objectDisplay?objectId=1731,337.751865
/objectDisplay?objectId=1731,312.408924
/objectDisplay?objectId=2852,565.205097
/objectDisplay?objectId=2852,451.849937
/objectDisplay?objectId=2852,446.404934
/objectDisplay?objectId=2852,524.754047
/objectDisplay?objectId=2852,436.428070
/objectDisplay?objectId=2852,527.872086
/objectDisplay?objectId=2852,451.745987
/objectDisplay?objectId=2852,434.890032
/objectDisplay?objectId=2852,539.685965
/objectDisplay?objectId=2852,443.099976
/objectDisplay?objectId=2852,457.865953
/objectDisplay?objectId=2852,525.192022
/objectDisplay?objectId=2852,422.617912
/objectDisplay?objectId=2852,536.388159
/objectDisplay?objectId=2852,453.883886
/objectDisplay?objectId=2922,328.161001
/objectDisplay?objectId=2922,437.417984
/objectDisplay?objectId=2922,338.113070
/objectDisplay?objectId=2922,317.435026
/objectDisplay?objectId=2922,450.268984
/objectDisplay?objectId=2922,347.716808
/objectDisplay?objectId=2922,1205.732107
/objectDisplay?objectId=2922,422.680140
/objectDisplay?objectId=2922,429.200888
/objectDisplay?objectId=2922,425.111771
/objectDisplay?objectId=2922,371.577978
/objectDisplay?objectId=2922,405.191183
/objectDisplay?objectId=2922,424.120903
/objectDisplay?objectId=2922,385.542154
/objectDisplay?objectId=2922,385.611057
/objectDisplay?objectId=2579,429.908037
/objectDisplay?objectId=2579,398.025036
/objectDisplay?objectId=2579,372.561932
/objectDisplay?objectId=2579,420.992851
/objectDisplay?objectId=2579,419.324160
/objectDisplay?objectId=2579,358.048916
/objectDisplay?objectId=2579,418.346882
/objectDisplay?objectId=2579,419.980049
/objectDisplay?objectId=2579,370.743990
/objectDisplay?objectId=2579,412.628174
/objectDisplay?objectId=2579,577.236891
/objectDisplay?objectId=2579,333.745003
/objectDisplay?objectId=2579,427.753925
/objectDisplay?objectId=2579,402.749062
/objectDisplay?objectId=2579,362.622976
/objectDisplay?objectId=1566,456.861973
/objectDisplay?objectId=1566,420.080185
/objectDisplay?objectId=1566,389.364958
/objectDisplay?objectId=1566,451.385021
/objectDisplay?objectId=1566,554.919004
/objectDisplay?objectId=1566,413.648844
/objectDisplay?objectId=1566,431.843042
/objectDisplay?objectId=1566,362.987995
/objectDisplay?objectId=1566,452.759027
/objectDisplay?objectId=1566,386.505842
/objectDisplay?objectId=1566,418.508053
/objectDisplay?objectId=1566,437.273979
/objectDisplay?objectId=1566,369.966030
/objectDisplay?objectId=1566,450.172901
/objectDisplay?objectId=1566,357.455969
/objectDisplay?objectId=2411,442.146063
/objectDisplay?objectId=2411,355.517149
/objectDisplay?objectId=2411,377.442837
/objectDisplay?objectId=2411,409.184933
/objectDisplay?objectId=2411,326.144218
/objectDisplay?objectId=2411,405.743837
/objectDisplay?objectId=2411,322.326899
/objectDisplay?objectId=2411,415.624142
/objectDisplay?objectId=2411,346.472979
/objectDisplay?objectId=2411,378.177881
/objectDisplay?objectId=2411,393.208027
/objectDisplay?objectId=2411,341.575146
/objectDisplay?objectId=2411,415.567160
/objectDisplay?objectId=2411,338.155985
/objectDisplay?objectId=2411,558.302164
/objectDisplay?objectId=1789,478.767157
/objectDisplay?objectId=1789,495.103121
/objectDisplay?objectId=1789,534.435987
/objectDisplay?objectId=1789,442.698002
/objectDisplay?objectId=1789,540.659904
/objectDisplay?objectId=1789,487.212896
/objectDisplay?objectId=1789,481.972933
/objectDisplay?objectId=1789,544.261932
/objectDisplay?objectId=1789,445.762873
/objectDisplay?objectId=1789,543.442011
/objectDisplay?objectId=1789,484.706163
/objectDisplay?objectId=1789,486.690044
/objectDisplay?objectId=1789,719.784021
/objectDisplay?objectId=1789,440.408945
/objectDisplay?objectId=1789,524.526119
/objectDisplay?objectId=2671,342.162848
/objectDisplay?objectId=2671,583.050966
/objectDisplay?objectId=2671,310.583115
/objectDisplay?objectId=2671,343.780994
/objectDisplay?objectId=2671,357.130051
/objectDisplay?objectId=2671,300.261021
/objectDisplay?objectId=2671,411.636114
/objectDisplay?objectId=2671,301.665068
/objectDisplay?objectId=2671,394.763947
/objectDisplay?objectId=2671,321.753979
/objectDisplay?objectId=2671,314.653158
/objectDisplay?objectId=2671,406.548023
/objectDisplay?objectId=2671,298.582077
/objectDisplay?objectId=2671,402.899981
/objectDisplay?objectId=2671,311.220884
/objectDisplay?objectId=407,930.741072
/objectDisplay?objectId=407,819.032907
/objectDisplay?objectId=407,912.547112
/objectDisplay?objectId=407,804.569006
/objectDisplay?objectId=407,907.517910
/objectDisplay?objectId=407,854.282856
/objectDisplay?objectId=407,861.307144
/objectDisplay?objectId=407,902.601004
/objectDisplay?objectId=407,823.591948
/objectDisplay?objectId=407,1106.921911
/objectDisplay?objectId=407,801.908970
/objectDisplay?objectId=407,910.549879
/objectDisplay?objectId=407,790.884018
/objectDisplay?objectId=407,911.232233
/objectDisplay?objectId=407,796.957970
/objectDisplay?objectId=1727,473.910809
/objectDisplay?objectId=1727,314.323902
/objectDisplay?objectId=1727,331.187010
/objectDisplay?objectId=1727,413.316965
/objectDisplay?objectId=1727,308.189869
/objectDisplay?objectId=1727,394.378901
/objectDisplay?objectId=1727,361.312866
/objectDisplay?objectId=1727,323.338985
/objectDisplay?objectId=1727,606.188059
/objectDisplay?objectId=1727,321.727037
/objectDisplay?objectId=1727,291.632175
/objectDisplay?objectId=1727,417.661190
/objectDisplay?objectId=1727,314.384937
/objectDisplay?objectId=1727,314.817190
/objectDisplay?objectId=1727,418.890953
/objectDisplay?objectId=2343,365.653992
/objectDisplay?objectId=2343,315.032959
/objectDisplay?objectId=2343,437.484026
/objectDisplay?objectId=2343,333.970070
/objectDisplay?objectId=2343,316.238165
/objectDisplay?objectId=2343,431.967974
/objectDisplay?objectId=2343,356.005192
/objectDisplay?objectId=2343,325.004101
/objectDisplay?objectId=2343,437.489033
/objectDisplay?objectId=2343,335.312128
/objectDisplay?objectId=2343,325.290918
/objectDisplay?objectId=2343,433.462858
/objectDisplay?objectId=2343,340.344906
/objectDisplay?objectId=2343,322.577953
/objectDisplay?objectId=2343,428.910971
/objectDisplay?objectId=1883,363.183022
/objectDisplay?objectId=1883,336.623907
/objectDisplay?objectId=1883,464.730024
/objectDisplay?objectId=1883,354.367971
/objectDisplay?objectId=1883,336.583138
/objectDisplay?objectId=1883,463.351011
/objectDisplay?objectId=1883,349.052906
/objectDisplay?objectId=1883,346.937180
/objectDisplay?objectId=1883,459.931135
/objectDisplay?objectId=1883,351.722956
/objectDisplay?objectId=1883,345.861912
/objectDisplay?objectId=1883,465.116978
/objectDisplay?objectId=1883,360.119820
/objectDisplay?objectId=1883,344.984055
/objectDisplay?objectId=1883,472.791910
/objectDisplay?objectId=2878,381.846905
/objectDisplay?objectId=2878,385.574102
/objectDisplay?objectId=2878,482.554913
/objectDisplay?objectId=2878,381.919146
/objectDisplay?objectId=2878,402.916908
/objectDisplay?objectId=2878,459.727049
/objectDisplay?objectId=2878,390.832186
/objectDisplay?objectId=2878,1305.866957
/objectDisplay?objectId=2878,438.701153
/objectDisplay?objectId=2878,491.883993
/objectDisplay?objectId=2878,483.496904
/objectDisplay?objectId=2878,408.118963
/objectDisplay?objectId=2878,491.518021
/objectDisplay?objectId=2878,463.341951
/objectDisplay?objectId=2878,430.335999
/objectDisplay?objectId=1473,462.390900
/objectDisplay?objectId=1473,398.122072
/objectDisplay?objectId=1473,428.120136
/objectDisplay?objectId=1473,450.789928
/objectDisplay?objectId=1473,372.671127
/objectDisplay?objectId=1473,457.883120
/objectDisplay?objectId=1473,427.217960
/objectDisplay?objectId=1473,395.529032
/objectDisplay?objectId=1473,452.193022
/objectDisplay?objectId=1473,379.565954
/objectDisplay?objectId=1473,443.953991
/objectDisplay?objectId=1473,445.720911
/objectDisplay?objectId=1473,383.425951
/objectDisplay?objectId=1473,463.232994
/objectDisplay?objectId=1473,377.880096
/objectDisplay?objectId=3090,469.462872
/objectDisplay?objectId=3090,418.673992
/objectDisplay?objectId=3090,411.203146
/objectDisplay?objectId=3090,454.138041
/objectDisplay?objectId=3090,370.260954
/objectDisplay?objectId=3090,461.082935
/objectDisplay?objectId=3090,375.988960
/objectDisplay?objectId=3090,462.898016
/objectDisplay?objectId=3090,406.574011
/objectDisplay?objectId=3090,425.265074
/objectDisplay?objectId=3090,424.239874
/objectDisplay?objectId=3090,401.528120
/objectDisplay?objectId=3090,451.100826
/objectDisplay?objectId=3090,365.947962
/objectDisplay?objectId=3090,461.266994
/objectDisplay?objectId=585,1019.763947
/objectDisplay?objectId=585,967.964888
/objectDisplay?objectId=585,1005.669117
/objectDisplay?objectId=585,1219.411135
/objectDisplay?objectId=585,1007.750034
/objectDisplay?objectId=585,942.972898
/objectDisplay?objectId=585,1013.256788
/objectDisplay?objectId=585,1224.243879
/objectDisplay?objectId=585,957.205057
/objectDisplay?objectId=585,977.036953
/objectDisplay?objectId=585,1232.081175
/objectDisplay?objectId=585,918.802977
/objectDisplay?objectId=585,998.090982
/objectDisplay?objectId=585,1010.001898
/objectDisplay?objectId=585,934.215069
/objectDisplay?objectId=2897,458.926916
/objectDisplay?objectId=2897,357.656002
/objectDisplay?objectId=2897,565.806866
/objectDisplay?objectId=2897,434.618950
/objectDisplay?objectId=2897,317.755938
/objectDisplay?objectId=2897,433.121920
/objectDisplay?objectId=2897,335.371017
/objectDisplay?objectId=2897,351.535082
/objectDisplay?objectId=2897,442.729950
/objectDisplay?objectId=2897,328.365088
/objectDisplay?objectId=2897,426.077843
/objectDisplay?objectId=2897,362.400055
/objectDisplay?objectId=2897,332.390070
/objectDisplay?objectId=2897,443.829060
/objectDisplay?objectId=2897,335.319996
/objectDisplay?objectId=2921,425.903082
/objectDisplay?objectId=2921,462.964058
/objectDisplay?objectId=2921,368.737221
/objectDisplay?objectId=2921,486.232042
/objectDisplay?objectId=2921,387.574911
/objectDisplay?objectId=2921,391.173840
/objectDisplay?objectId=2921,492.971897
/objectDisplay?objectId=2921,368.046045
/objectDisplay?objectId=2921,475.250006
/objectDisplay?objectId=2921,400.322914
/objectDisplay?objectId=2921,384.457111
/objectDisplay?objectId=2921,490.819931
/objectDisplay?objectId=2921,378.505945
/objectDisplay?objectId=2921,426.184893
/objectDisplay?objectId=2921,452.310085
/objectDisplay?objectId=1298,370.492935
/objectDisplay?objectId=1298,462.666035
/objectDisplay?objectId=1298,371.145964
/objectDisplay?objectId=1298,348.500967
/objectDisplay?objectId=1298,469.909191
/objectDisplay?objectId=1298,364.382029
/objectDisplay?objectId=1298,398.772001
/objectDisplay?objectId=1298,432.543993
/objectDisplay?objectId=1298,358.114004
/objectDisplay?objectId=1298,461.299181
/objectDisplay?objectId=1298,390.887022
/objectDisplay?objectId=1298,358.997107
/objectDisplay?objectId=1298,669.312954
/objectDisplay?objectId=1298,354.152203
/objectDisplay?objectId=1298,357.326984
/objectDisplay?objectId=2993,502.596140
/objectDisplay?objectId=2993,384.650946
/objectDisplay?objectId=2993,425.892115
/objectDisplay?objectId=2993,473.206043
/objectDisplay?objectId=2993,396.875143
/objectDisplay?objectId=2993,453.850031
/objectDisplay?objectId=2993,444.381952
/objectDisplay?objectId=2993,386.655092
/objectDisplay?objectId=2993,468.653917
/objectDisplay?objectId=2993,429.265976
/objectDisplay?objectId=2993,401.611090
/objectDisplay?objectId=2993,501.494884
/objectDisplay?objectId=2993,406.781912
/objectDisplay?objectId=2993,397.083998
/objectDisplay?objectId=2993,492.239952
/objectDisplay?objectId=2762,415.529013
/objectDisplay?objectId=2762,400.331020
/objectDisplay?objectId=2762,501.663923
/objectDisplay?objectId=2762,402.105093
/objectDisplay?objectId=2762,395.219088
/objectDisplay?objectId=2762,507.902861
/objectDisplay?objectId=2762,403.537989
/objectDisplay?objectId=2762,389.078140
/objectDisplay?objectId=2762,513.863087
/objectDisplay?objectId=2762,402.752161
/objectDisplay?objectId=2762,387.097836
/objectDisplay?objectId=2762,518.529177
/objectDisplay?objectId=2762,403.400898
/objectDisplay?objectId=2762,386.852980
/objectDisplay?objectId=2762,521.641016
/objectDisplay?objectId=2611,412.639856
/objectDisplay?objectId=2611,395.890951
/objectDisplay?objectId=2611,690.692902
/objectDisplay?objectId=2611,374.583006
/objectDisplay?objectId=2611,371.062994
/objectDisplay?objectId=2611,493.692875
/objectDisplay?objectId=2611,379.091024
/objectDisplay?objectId=2611,375.159025
/objectDisplay?objectId=2611,495.011091
/objectDisplay?objectId=2611,385.552883
/objectDisplay?objectId=2611,389.018059
/objectDisplay?objectId=2611,464.366913
/objectDisplay?objectId=2611,423.768044
/objectDisplay?objectId=2611,377.273083
/objectDisplay?objectId=2611,411.519051
/objectDisplay?objectId=646,529.822111
/objectDisplay?objectId=646,419.152975
/objectDisplay?objectId=646,443.001032
/objectDisplay?objectId=646,539.941072
/objectDisplay?objectId=646,409.718990
/objectDisplay?objectId=646,421.787024
/objectDisplay?objectId=646,552.801132
/objectDisplay?objectId=646,422.331095
/objectDisplay?objectId=646,415.704966
/objectDisplay?objectId=646,541.009903
/objectDisplay?objectId=646,423.974037
/objectDisplay?objectId=646,419.085979
/objectDisplay?objectId=646,542.370081
/objectDisplay?objectId=646,434.671164
/objectDisplay?objectId=646,428.616047
/objectDisplay?objectId=43,1232.587099
/objectDisplay?objectId=43,1106.794119
/objectDisplay?objectId=43,1182.368040
/objectDisplay?objectId=43,1084.197998
/objectDisplay?objectId=43,1164.850950
/objectDisplay?objectId=43,1133.977890
/objectDisplay?objectId=43,1110.335827
/objectDisplay?objectId=43,1180.116892
/objectDisplay?objectId=43,1120.189190
/objectDisplay?objectId=43,2191.734076
/objectDisplay?objectId=43,1229.309082
/objectDisplay?objectId=43,1225.550890
/objectDisplay?objectId=43,1218.124151
/objectDisplay?objectId=43,1188.329935
/objectDisplay?objectId=43,1169.971943
/objectDisplay?objectId=1694,536.791086
/objectDisplay?objectId=1694,404.927969
/objectDisplay?objectId=1694,464.822054
/objectDisplay?objectId=1694,381.767988
/objectDisplay?objectId=1694,461.673021
/objectDisplay?objectId=1694,355.676174
/objectDisplay?objectId=1694,468.343973
/objectDisplay?objectId=1694,355.180025
/objectDisplay?objectId=1694,471.383095
/objectDisplay?objectId=1694,361.537933
/objectDisplay?objectId=1694,456.620932
/objectDisplay?objectId=1694,385.915995
/objectDisplay?objectId=1694,439.961910
/objectDisplay?objectId=1694,412.643909
/objectDisplay?objectId=1694,416.261911
/objectDisplay?objectId=3087,444.979906
/objectDisplay?objectId=3087,407.888174
/objectDisplay?objectId=3087,438.751936
/objectDisplay?objectId=3087,397.134066
/objectDisplay?objectId=3087,443.465233
/objectDisplay?objectId=3087,380.800009
/objectDisplay?objectId=3087,463.843107
/objectDisplay?objectId=3087,374.138117
/objectDisplay?objectId=3087,684.224129
/objectDisplay?objectId=3087,351.977110
/objectDisplay?objectId=3087,472.197056
/objectDisplay?objectId=3087,367.690802
/objectDisplay?objectId=3087,423.378944
/objectDisplay?objectId=3087,428.473949
/objectDisplay?objectId=3087,363.752127
/objectDisplay?objectId=1480,1021.961927
/objectDisplay?objectId=1480,1006.527901
/objectDisplay?objectId=1480,892.273188
/objectDisplay?objectId=1480,1001.319170
/objectDisplay?objectId=1480,1234.400988
/objectDisplay?objectId=1480,861.541033
/objectDisplay?objectId=1480,1016.988039
/objectDisplay?objectId=1480,1216.435909
/objectDisplay?objectId=1480,898.133039
/objectDisplay?objectId=1480,1008.841991
/objectDisplay?objectId=1480,870.512009
/objectDisplay?objectId=1480,1010.018826
/objectDisplay?objectId=1480,958.168030
/objectDisplay?objectId=1480,934.019089
/objectDisplay?objectId=1480,1017.669916
/objectDisplay?objectId=1758,425.016880
/objectDisplay?objectId=1758,418.576002
/objectDisplay?objectId=1758,543.618917
/objectDisplay?objectId=1758,414.673805
/objectDisplay?objectId=1758,418.025970
/objectDisplay?objectId=1758,544.664145
/objectDisplay?objectId=1758,421.546936
/objectDisplay?objectId=1758,422.957897
/objectDisplay?objectId=1758,549.610138
/objectDisplay?objectId=1758,419.898987
/objectDisplay?objectId=1758,454.455137
/objectDisplay?objectId=1758,540.845871
/objectDisplay?objectId=1758,416.773081
/objectDisplay?objectId=1758,461.670876
/objectDisplay?objectId=1758,517.181873
/objectDisplay?objectId=2948,584.141016
/objectDisplay?objectId=2948,691.447020
/objectDisplay?objectId=2948,614.277124
/objectDisplay?objectId=2948,579.843998
/objectDisplay?objectId=2948,723.618984
/objectDisplay?objectId=2948,577.221155
/objectDisplay?objectId=2948,591.901064
/objectDisplay?objectId=2948,710.757017
/objectDisplay?objectId=2948,573.913813
/objectDisplay?objectId=2948,649.297953
/objectDisplay?objectId=2948,655.247927
/objectDisplay?objectId=2948,562.007904
/objectDisplay?objectId=2948,703.499079
/objectDisplay?objectId=2948,597.709894
/objectDisplay?objectId=2948,582.597017
/objectDisplay?objectId=2875,492.675066
/objectDisplay?objectId=2875,330.032110
/objectDisplay?objectId=2875,327.583790
/objectDisplay?objectId=2875,692.786217
/objectDisplay?objectId=2875,347.195148
/objectDisplay?objectId=2875,297.361851
/objectDisplay?objectId=2875,338.237047
/objectDisplay?objectId=2875,418.631077
/objectDisplay?objectId=2875,303.357840
/objectDisplay?objectId=2875,304.508924
/objectDisplay?objectId=2875,444.738865
/objectDisplay?objectId=2875,324.819088
/objectDisplay?objectId=2875,312.442064
/objectDisplay?objectId=2875,354.991913
/objectDisplay?objectId=2875,416.735888
/objectDisplay?objectId=2946,318.875074
/objectDisplay?objectId=2946,319.855928
/objectDisplay?objectId=2946,455.112934
/objectDisplay?objectId=2946,334.630966
/objectDisplay?objectId=2946,328.830957
/objectDisplay?objectId=2946,375.252962
/objectDisplay?objectId=2946,415.005922
/objectDisplay?objectId=2946,308.842897
/objectDisplay?objectId=2946,320.515871
/objectDisplay?objectId=2946,457.670927
/objectDisplay?objectId=2946,325.775862
/objectDisplay?objectId=2946,323.843002
/objectDisplay?objectId=2946,386.878967
/objectDisplay?objectId=2946,415.457964
/objectDisplay?objectId=2946,318.130970
/objectDisplay?objectId=2850,470.432043
/objectDisplay?objectId=2850,606.226921
/objectDisplay?objectId=2850,467.253923
/objectDisplay?objectId=2850,462.083817
/objectDisplay?objectId=2850,595.036983
/objectDisplay?objectId=2850,483.286142
/objectDisplay?objectId=2850,451.305866
/objectDisplay?objectId=2850,571.298122
/objectDisplay?objectId=2850,526.454926
/objectDisplay?objectId=2850,476.934910
/objectDisplay?objectId=2850,806.910992
/objectDisplay?objectId=2850,566.665888
/objectDisplay?objectId=2850,442.065001
/objectDisplay?objectId=2850,431.557894
/objectDisplay?objectId=2850,613.560915
/objectDisplay?objectId=1906,333.551884
/objectDisplay?objectId=1906,326.210976
/objectDisplay?objectId=1906,351.602077
/objectDisplay?objectId=1906,451.762915
/objectDisplay?objectId=1906,325.208902
/objectDisplay?objectId=1906,334.634781
/objectDisplay?objectId=1906,361.438036
/objectDisplay?objectId=1906,443.814039
/objectDisplay?objectId=1906,331.674099
/objectDisplay?objectId=1906,328.564882
/objectDisplay?objectId=1906,392.193794
/objectDisplay?objectId=1906,430.556059
/objectDisplay?objectId=1906,315.550089
/objectDisplay?objectId=1906,322.540998
/objectDisplay?objectId=1906,419.211149
/objectDisplay?objectId=2618,776.325941
/objectDisplay?objectId=2618,693.331003
/objectDisplay?objectId=2618,778.741837
/objectDisplay?objectId=2618,762.284040
/objectDisplay?objectId=2618,694.480896
/objectDisplay?objectId=2618,762.145042
/objectDisplay?objectId=2618,788.676977
/objectDisplay?objectId=2618,675.155878
/objectDisplay?objectId=2618,748.886108
/objectDisplay?objectId=2618,817.224979
/objectDisplay?objectId=2618,698.631048
/objectDisplay?objectId=2618,1057.667017
/objectDisplay?objectId=2618,796.633005
/objectDisplay?objectId=2618,657.105207
/objectDisplay?objectId=2618,715.787172
/objectDisplay?objectId=2552,589.924097
/objectDisplay?objectId=2552,469.257116
/objectDisplay?objectId=2552,463.200092
/objectDisplay?objectId=2552,531.121969
/objectDisplay?objectId=2552,558.857203
/objectDisplay?objectId=2552,462.862015
/objectDisplay?objectId=2552,451.426029
/objectDisplay?objectId=2552,558.804989
/objectDisplay?objectId=2552,549.871922
/objectDisplay?objectId=2552,459.753990
/objectDisplay?objectId=2552,450.155973
/objectDisplay?objectId=2552,600.934029
/objectDisplay?objectId=2552,514.022112
/objectDisplay?objectId=2552,452.130079
/objectDisplay?objectId=2552,454.798937
/objectDisplay?objectId=2955,574.836969
/objectDisplay?objectId=2955,394.199133
/objectDisplay?objectId=2955,343.503952
/objectDisplay?objectId=2955,350.199938
/objectDisplay?objectId=2955,476.912022
/objectDisplay?objectId=2955,429.363966
/objectDisplay?objectId=2955,358.021021
/objectDisplay?objectId=2955,343.411922
/objectDisplay?objectId=2955,444.277048
/objectDisplay?objectId=2955,442.080975
/objectDisplay?objectId=2955,357.100964
/objectDisplay?objectId=2955,341.126204
/objectDisplay?objectId=2955,387.157917
/objectDisplay?objectId=2955,472.630978
/objectDisplay?objectId=2955,383.991003
/objectDisplay?objectId=2989,467.454910
/objectDisplay?objectId=2989,472.543001
/objectDisplay?objectId=2989,614.902020
/objectDisplay?objectId=2989,489.042997
/objectDisplay?objectId=2989,466.506004
/objectDisplay?objectId=2989,472.251892
/objectDisplay?objectId=2989,619.488001
/objectDisplay?objectId=2989,501.690149
/objectDisplay?objectId=2989,457.951069
/objectDisplay?objectId=2989,482.331038
/objectDisplay?objectId=2989,617.617846
/objectDisplay?objectId=2989,501.574993
/objectDisplay?objectId=2989,459.413052
/objectDisplay?objectId=2989,478.178978
/objectDisplay?objectId=2989,616.352081
/objectDisplay?objectId=3008,612.812996
/objectDisplay?objectId=3008,562.653065
/objectDisplay?objectId=3008,597.035885
/objectDisplay?objectId=3008,703.675985
/objectDisplay?objectId=3008,601.212978
/objectDisplay?objectId=3008,557.610035
/objectDisplay?objectId=3008,610.891819
/objectDisplay?objectId=3008,695.574045
/objectDisplay?objectId=3008,592.097044
/objectDisplay?objectId=3008,562.133074
/objectDisplay?objectId=3008,642.258883
/objectDisplay?objectId=3008,669.542074
/objectDisplay?objectId=3008,599.018097
/objectDisplay?objectId=3008,591.318846
/objectDisplay?objectId=3008,1001.819134
/objectDisplay?objectId=2609,421.904087
/objectDisplay?objectId=2609,360.793829
/objectDisplay?objectId=2609,319.988966
/objectDisplay?objectId=2609,342.962027
/objectDisplay?objectId=2609,487.190962
/objectDisplay?objectId=2609,360.708952
/objectDisplay?objectId=2609,348.409891
/objectDisplay?objectId=2609,330.749989
/objectDisplay?objectId=2609,380.463123
/objectDisplay?objectId=2609,457.206964
/objectDisplay?objectId=2609,364.500046
/objectDisplay?objectId=2609,342.060089
/objectDisplay?objectId=2609,323.762894
/objectDisplay?objectId=2609,446.928978
/objectDisplay?objectId=2609,414.061069
/objectDisplay?objectId=1804,1132.817984
/objectDisplay?objectId=1804,1150.053978
/objectDisplay?objectId=1804,1194.738865
/objectDisplay?objectId=1804,1079.374075
/objectDisplay?objectId=1804,1263.072014
/objectDisplay?objectId=1804,1097.512007
/objectDisplay?objectId=1804,1139.525175
/objectDisplay?objectId=1804,1265.009880
/objectDisplay?objectId=1804,1131.531000
/objectDisplay?objectId=1804,1215.505838
/objectDisplay?objectId=1804,1163.449049
/objectDisplay?objectId=1804,1080.029011
/objectDisplay?objectId=1804,1268.495798
/objectDisplay?objectId=1804,1115.532875
/objectDisplay?objectId=1804,1062.765837
/objectDisplay?objectId=2471,488.881111
/objectDisplay?objectId=2471,430.391073
/objectDisplay?objectId=2471,356.202126
/objectDisplay?objectId=2471,350.250006
/objectDisplay?objectId=2471,335.864067
/objectDisplay?objectId=2471,401.058912
/objectDisplay?objectId=2471,493.730068
/objectDisplay?objectId=2471,375.530005
/objectDisplay?objectId=2471,376.759052
/objectDisplay?objectId=2471,358.659983
/objectDisplay?objectId=2471,345.253944
/objectDisplay?objectId=2471,538.641930
/objectDisplay?objectId=2471,369.606018
/objectDisplay?objectId=2471,382.694006
/objectDisplay?objectId=2471,351.448059
/objectDisplay?objectId=2640,583.570004
/objectDisplay?objectId=2640,704.620123
/objectDisplay?objectId=2640,604.889154
/objectDisplay?objectId=2640,578.773975
/objectDisplay?objectId=2640,539.039135
/objectDisplay?objectId=2640,539.800167
/objectDisplay?objectId=2640,754.527092
/objectDisplay?objectId=2640,561.721087
/objectDisplay?objectId=2640,568.830967
/objectDisplay?objectId=2640,533.735991
/objectDisplay?objectId=2640,582.715034
/objectDisplay?objectId=2640,699.859858
/objectDisplay?objectId=2640,564.854860
/objectDisplay?objectId=2640,564.472914
/objectDisplay?objectId=2640,538.264036
/objectDisplay?objectId=3006,491.636038
/objectDisplay?objectId=3006,586.935043
/objectDisplay?objectId=3006,456.268072
/objectDisplay?objectId=3006,476.102829
/objectDisplay?objectId=3006,445.788860
/objectDisplay?objectId=3006,451.288223
/objectDisplay?objectId=3006,629.148006
/objectDisplay?objectId=3006,449.397087
/objectDisplay?objectId=3006,429.200888
/objectDisplay?objectId=3006,449.246883
/objectDisplay?objectId=3006,411.189795
/objectDisplay?objectId=3006,466.366053
/objectDisplay?objectId=3006,582.046032
/objectDisplay?objectId=3006,438.673019
/objectDisplay?objectId=3006,442.724943
/objectDisplay?objectId=2645,355.091810
/objectDisplay?objectId=2645,329.748154
/objectDisplay?objectId=2645,449.928045
/objectDisplay?objectId=2645,448.235989
/objectDisplay?objectId=2645,353.391886
/objectDisplay?objectId=2645,366.505861
/objectDisplay?objectId=2645,328.181028
/objectDisplay?objectId=2645,325.721979
/objectDisplay?objectId=2645,489.439011
/objectDisplay?objectId=2645,407.844067
/objectDisplay?objectId=2645,346.848965
/objectDisplay?objectId=2645,373.229027
/objectDisplay?objectId=2645,328.683853
/objectDisplay?objectId=2645,326.933861
/objectDisplay?objectId=2645,503.426075
/objectDisplay?objectId=2886,433.681011
/objectDisplay?objectId=2886,391.957045
/objectDisplay?objectId=2886,397.562027
/objectDisplay?objectId=2886,362.113953
/objectDisplay?objectId=2886,366.307974
/objectDisplay?objectId=2886,547.261000
/objectDisplay?objectId=2886,412.590027
/objectDisplay?objectId=2886,386.759043
/objectDisplay?objectId=2886,387.483835
/objectDisplay?objectId=2886,359.478951
/objectDisplay?objectId=2886,366.935968
/objectDisplay?objectId=2886,559.054852
/objectDisplay?objectId=2886,408.218861
/objectDisplay?objectId=2886,379.193068
/objectDisplay?objectId=2886,388.591051
/objectDisplay?objectId=1765,338.783026
/objectDisplay?objectId=1765,327.804804
/objectDisplay?objectId=1765,506.330967
/objectDisplay?objectId=1765,376.698017
/objectDisplay?objectId=1765,353.435993
/objectDisplay?objectId=1765,348.639011
/objectDisplay?objectId=1765,318.673134
/objectDisplay?objectId=1765,325.466871
/objectDisplay?objectId=1765,481.961966
/objectDisplay?objectId=1765,390.915155
/objectDisplay?objectId=1765,342.791080
/objectDisplay?objectId=1765,362.066031
/objectDisplay?objectId=1765,322.148085
/objectDisplay?objectId=1765,326.336145
/objectDisplay?objectId=1765,451.889992
/objectDisplay?objectId=2967,566.076040
/objectDisplay?objectId=2967,465.301037
/objectDisplay?objectId=2967,480.223894
/objectDisplay?objectId=2967,441.070080
/objectDisplay?objectId=2967,444.738865
/objectDisplay?objectId=2967,623.970985
/objectDisplay?objectId=2967,504.552126
/objectDisplay?objectId=2967,471.800089
/objectDisplay?objectId=2967,473.232031
/objectDisplay?objectId=2967,446.297884
/objectDisplay?objectId=2967,466.629982
/objectDisplay?objectId=2967,648.066998
/objectDisplay?objectId=2967,479.388952
/objectDisplay?objectId=2967,457.146168
/objectDisplay?objectId=2967,474.595070
/objectDisplay?objectId=262,2004.010916
/objectDisplay?objectId=262,2037.384033
/objectDisplay?objectId=262,1885.121107
/objectDisplay?objectId=262,2080.547094
/objectDisplay?objectId=262,1964.549065
/objectDisplay?objectId=262,1949.316025
/objectDisplay?objectId=262,2096.338987
/objectDisplay?objectId=262,1918.447018
/objectDisplay?objectId=262,1895.318985
/objectDisplay?objectId=262,2106.482029
/objectDisplay?objectId=262,1913.208961
/objectDisplay?objectId=262,2000.529051
/objectDisplay?objectId=262,2071.012974
/objectDisplay?objectId=262,1951.696157
/objectDisplay?objectId=262,2059.350014
/objectDisplay?objectId=3097,484.141111
/objectDisplay?objectId=3097,374.736071
/objectDisplay?objectId=3097,355.202913
/objectDisplay?objectId=3097,448.553085
/objectDisplay?objectId=3097,370.322943
/objectDisplay?objectId=3097,380.391836
/objectDisplay?objectId=3097,2344.185114
/objectDisplay?objectId=3097,481.745958
/objectDisplay?objectId=3097,468.850136
/objectDisplay?objectId=3097,503.703117
/objectDisplay?objectId=3097,412.611961
/objectDisplay?objectId=3097,547.265053
/objectDisplay?objectId=3097,519.780874
/objectDisplay?objectId=3097,454.391956
/objectDisplay?objectId=3097,575.170040
/objectDisplay?objectId=2423,422.574997
/objectDisplay?objectId=2423,342.648983
/objectDisplay?objectId=2423,447.701931
/objectDisplay?objectId=2423,386.365175
/objectDisplay?objectId=2423,330.761909
/objectDisplay?objectId=2423,427.690029
/objectDisplay?objectId=2423,403.682947
/objectDisplay?objectId=2423,332.036972
/objectDisplay?objectId=2423,424.790144
/objectDisplay?objectId=2423,410.769939
/objectDisplay?objectId=2423,327.820063
/objectDisplay?objectId=2423,401.518822
/objectDisplay?objectId=2423,416.835070
/objectDisplay?objectId=2423,337.733030
/objectDisplay?objectId=2423,369.912148
/objectDisplay?objectId=2595,495.103121
/objectDisplay?objectId=2595,388.900042
/objectDisplay?objectId=2595,409.024000
/objectDisplay?objectId=2595,496.346951
/objectDisplay?objectId=2595,383.815050
/objectDisplay?objectId=2595,408.030987
/objectDisplay?objectId=2595,497.035980
/objectDisplay?objectId=2595,383.873940
/objectDisplay?objectId=2595,406.174898
/objectDisplay?objectId=2595,496.737957
/objectDisplay?objectId=2595,386.949062
/objectDisplay?objectId=2595,402.955055
/objectDisplay?objectId=2595,493.325949
/objectDisplay?objectId=2595,384.922981
/objectDisplay?objectId=2595,400.785923
/objectDisplay?objectId=2632,646.845102
/objectDisplay?objectId=2632,520.331144
/objectDisplay?objectId=2632,561.315060
/objectDisplay?objectId=2632,625.796080
/objectDisplay?objectId=2632,508.532047
/objectDisplay?objectId=2632,536.405087
/objectDisplay?objectId=2632,615.306139
/objectDisplay?objectId=2632,507.704020
/objectDisplay?objectId=2632,523.973942
/objectDisplay?objectId=2632,631.669998
/objectDisplay?objectId=2632,512.465000
/objectDisplay?objectId=2632,501.553059
/objectDisplay?objectId=2632,646.283150
/objectDisplay?objectId=2632,515.725136
/objectDisplay?objectId=2632,484.362125
/objectDisplay?objectId=2719,628.817081
/objectDisplay?objectId=2719,491.755962
/objectDisplay?objectId=2719,444.303989
/objectDisplay?objectId=2719,578.992844
/objectDisplay?objectId=2719,512.618065
/objectDisplay?objectId=2719,451.372862
/objectDisplay?objectId=2719,561.960936
/objectDisplay?objectId=2719,532.653093
/objectDisplay?objectId=2719,450.864077
/objectDisplay?objectId=2719,533.806086
/objectDisplay?objectId=2719,561.872005
/objectDisplay?objectId=2719,477.787018
/objectDisplay?objectId=2719,471.515179
/objectDisplay?objectId=2719,608.534813
/objectDisplay?objectId=2719,477.905035
/objectDisplay?objectId=1522,304.704905
/objectDisplay?objectId=1522,377.214909
/objectDisplay?objectId=1522,418.802023
/objectDisplay?objectId=1522,322.273970
/objectDisplay?objectId=1522,298.020840
/objectDisplay?objectId=1522,405.040026
/objectDisplay?objectId=1522,404.635906
/objectDisplay?objectId=1522,308.305025
/objectDisplay?objectId=1522,298.432827
/objectDisplay?objectId=1522,432.416916
/objectDisplay?objectId=1522,376.938105
/objectDisplay?objectId=1522,311.321974
/objectDisplay?objectId=1522,297.395945
/objectDisplay?objectId=1522,453.912020
/objectDisplay?objectId=1522,355.699778
/objectDisplay?objectId=1538,404.325962
/objectDisplay?objectId=1538,467.238188
/objectDisplay?objectId=1538,499.896049
/objectDisplay?objectId=1538,392.656088
/objectDisplay?objectId=1538,382.896185
/objectDisplay?objectId=1538,556.861162
/objectDisplay?objectId=1538,436.839104
/objectDisplay?objectId=1538,400.180101
/objectDisplay?objectId=1538,836.022139
/objectDisplay?objectId=1538,498.849154
/objectDisplay?objectId=1538,378.325939
/objectDisplay?objectId=1538,372.156858
/objectDisplay?objectId=1538,528.180838
/objectDisplay?objectId=1538,454.039097
/objectDisplay?objectId=1538,366.868019
/objectDisplay?objectId=2889,372.026920
/objectDisplay?objectId=2889,506.224871
/objectDisplay?objectId=2889,383.306026
/objectDisplay?objectId=2889,341.485977
/objectDisplay?objectId=2889,370.869875
/objectDisplay?objectId=2889,506.551981
/objectDisplay?objectId=2889,379.605055
/objectDisplay?objectId=2889,340.157986
/objectDisplay?objectId=2889,373.407841
/objectDisplay?objectId=2889,498.601913
/objectDisplay?objectId=2889,377.690077
/objectDisplay?objectId=2889,344.217062
/objectDisplay?objectId=2889,373.158932
/objectDisplay?objectId=2889,499.721050
/objectDisplay?objectId=2889,387.214899
/objectDisplay?objectId=2430,333.858967
/objectDisplay?objectId=2430,365.754128
/objectDisplay?objectId=2430,485.341072
/objectDisplay?objectId=2430,363.049984
/objectDisplay?objectId=2430,323.196173
/objectDisplay?objectId=2430,358.068943
/objectDisplay?objectId=2430,489.534140
/objectDisplay?objectId=2430,371.121168
/objectDisplay?objectId=2430,320.078850
/objectDisplay?objectId=2430,343.920946
/objectDisplay?objectId=2430,490.237951
/objectDisplay?objectId=2430,383.696079
/objectDisplay?objectId=2430,325.663090
/objectDisplay?objectId=2430,328.217983
/objectDisplay?objectId=2430,490.583897
/objectDisplay?objectId=2831,452.069998
/objectDisplay?objectId=2831,365.772963
/objectDisplay?objectId=2831,371.243000
/objectDisplay?objectId=2831,554.750919
/objectDisplay?objectId=2831,445.960999
/objectDisplay?objectId=2831,389.554024
/objectDisplay?objectId=2831,396.676064
/objectDisplay?objectId=2831,888.680935
/objectDisplay?objectId=2831,458.281040
/objectDisplay?objectId=2831,363.654137
/objectDisplay?objectId=2831,360.464096
/objectDisplay?objectId=2831,491.684914
/objectDisplay?objectId=2831,477.565050
/objectDisplay?objectId=2831,370.853901
/objectDisplay?objectId=2831,374.627113
/objectDisplay?objectId=1471,902.629852
/objectDisplay?objectId=1471,816.563845
/objectDisplay?objectId=1471,731.729984
/objectDisplay?objectId=1471,915.967941
/objectDisplay?objectId=1471,784.171820
/objectDisplay?objectId=1471,730.420828
/objectDisplay?objectId=1471,932.806969
/objectDisplay?objectId=1471,767.498016
/objectDisplay?objectId=1471,736.696959
/objectDisplay?objectId=1471,944.391966
/objectDisplay?objectId=1471,758.837938
/objectDisplay?objectId=1471,725.039005
/objectDisplay?objectId=1471,940.999031
/objectDisplay?objectId=1471,772.248983
/objectDisplay?objectId=1471,751.137018
/objectDisplay?objectId=2870,833.904028
/objectDisplay?objectId=2870,415.440083
/objectDisplay?objectId=2870,309.268951
/objectDisplay?objectId=2870,303.667068
/objectDisplay?objectId=2870,280.642986
/objectDisplay?objectId=2870,441.941023
/objectDisplay?objectId=2870,401.790857
/objectDisplay?objectId=2870,303.458929
/objectDisplay?objectId=2870,310.938835
/objectDisplay?objectId=2870,308.001041
/objectDisplay?objectId=2870,415.369987
/objectDisplay?objectId=2870,420.199871
/objectDisplay?objectId=2870,326.104879
/objectDisplay?objectId=2870,302.908897
/objectDisplay?objectId=2870,318.227053
/objectDisplay?objectId=2957,573.869944
/objectDisplay?objectId=2957,605.887175
/objectDisplay?objectId=2957,485.624075
/objectDisplay?objectId=2957,472.038984
/objectDisplay?objectId=2957,472.308159
/objectDisplay?objectId=2957,615.258932
/objectDisplay?objectId=2957,566.200018
/objectDisplay?objectId=2957,474.390984
/objectDisplay?objectId=2957,491.179943
/objectDisplay?objectId=2957,491.775990
/objectDisplay?objectId=2957,654.469967
/objectDisplay?objectId=2957,523.208857
/objectDisplay?objectId=2957,461.704969
/objectDisplay?objectId=2957,475.950956
/objectDisplay?objectId=2957,556.391954
/objectDisplay?objectId=2936,530.597925
/objectDisplay?objectId=2936,410.032988
/objectDisplay?objectId=2936,372.756958
/objectDisplay?objectId=2936,382.634163
/objectDisplay?objectId=2936,463.593006
/objectDisplay?objectId=2936,518.400908
/objectDisplay?objectId=2936,407.063961
/objectDisplay?objectId=2936,372.021914
/objectDisplay?objectId=2936,377.822876
/objectDisplay?objectId=2936,461.632013
/objectDisplay?objectId=2936,518.773794
/objectDisplay?objectId=2936,400.628805
/objectDisplay?objectId=2936,379.495144
/objectDisplay?objectId=2936,389.051914
/objectDisplay?objectId=2936,451.330185
/objectDisplay?objectId=1775,447.806835
/objectDisplay?objectId=1775,331.926823
/objectDisplay?objectId=1775,293.563128
/objectDisplay?objectId=1775,305.532932
/objectDisplay?objectId=1775,330.645084
/objectDisplay?objectId=1775,471.290112
/objectDisplay?objectId=1775,370.575905
/objectDisplay?objectId=1775,297.453880
/objectDisplay?objectId=1775,322.046995
/objectDisplay?objectId=1775,291.817904
/objectDisplay?objectId=1775,448.768139
/objectDisplay?objectId=1775,401.391983
/objectDisplay?objectId=1775,317.013025
/objectDisplay?objectId=1775,298.526049
/objectDisplay?objectId=1775,287.468910
/objectDisplay?objectId=456,677.217007
/objectDisplay?objectId=456,633.076191
/objectDisplay?objectId=456,524.745941
/objectDisplay?objectId=456,533.197880
/objectDisplay?objectId=456,606.716871
/objectDisplay?objectId=456,674.468994
/objectDisplay?objectId=456,557.842016
/objectDisplay?objectId=456,544.337988
/objectDisplay?objectId=456,948.847055
/objectDisplay?objectId=456,745.887995
/objectDisplay?objectId=456,566.154003
/objectDisplay?objectId=456,514.325857
/objectDisplay?objectId=456,481.115818
/objectDisplay?objectId=456,624.033928
/objectDisplay?objectId=456,643.697023
/objectDisplay?objectId=2754,354.107857
/objectDisplay?objectId=2754,352.973938
/objectDisplay?objectId=2754,350.739956
/objectDisplay?objectId=2754,370.712042
/objectDisplay?objectId=2754,521.479130
/objectDisplay?objectId=2754,393.342018
/objectDisplay?objectId=2754,341.562986
/objectDisplay?objectId=2754,355.576992
/objectDisplay?objectId=2754,339.353085
/objectDisplay?objectId=2754,486.341000
/objectDisplay?objectId=2754,451.999187
/objectDisplay?objectId=2754,358.452082
/objectDisplay?objectId=2754,357.003212
/objectDisplay?objectId=2754,347.579956
/objectDisplay?objectId=2754,413.392067
/objectDisplay?objectId=1643,477.920055
/objectDisplay?objectId=1643,348.474979
/objectDisplay?objectId=1643,290.307999
/objectDisplay?objectId=1643,309.303999
/objectDisplay?objectId=1643,302.541971
/objectDisplay?objectId=1643,393.646955
/objectDisplay?objectId=1643,454.448938
/objectDisplay?objectId=1643,346.264839
/objectDisplay?objectId=1643,294.473886
/objectDisplay?objectId=1643,306.145191
/objectDisplay?objectId=1643,293.879986
/objectDisplay?objectId=1643,415.424824
/objectDisplay?objectId=1643,436.081886
/objectDisplay?objectId=1643,332.022905
/objectDisplay?objectId=1643,301.853180
/objectDisplay?objectId=2297,316.634178
/objectDisplay?objectId=2297,306.052208
/objectDisplay?objectId=2297,447.549105
/objectDisplay?objectId=2297,427.011013
/objectDisplay?objectId=2297,327.632904
/objectDisplay?objectId=2297,316.366911
/objectDisplay?objectId=2297,315.497875
/objectDisplay?objectId=2297,306.859016
/objectDisplay?objectId=2297,469.871044
/objectDisplay?objectId=2297,411.154985
/objectDisplay?objectId=2297,318.063021
/objectDisplay?objectId=2297,313.795090
/objectDisplay?objectId=2297,318.598986
/objectDisplay?objectId=2297,311.775923
/objectDisplay?objectId=2297,482.023001
/objectDisplay?objectId=2359,465.634108
/objectDisplay?objectId=2359,362.547874
/objectDisplay?objectId=2359,372.312069
/objectDisplay?objectId=2359,373.123169
/objectDisplay?objectId=2359,445.432186
/objectDisplay?objectId=2359,526.093006
/objectDisplay?objectId=2359,421.539068
/objectDisplay?objectId=2359,367.602110
/objectDisplay?objectId=2359,387.811899
/objectDisplay?objectId=2359,370.314121
/objectDisplay?objectId=2359,927.860022
/objectDisplay?objectId=2359,479.489803
/objectDisplay?objectId=2359,369.719028
/objectDisplay?objectId=2359,361.626863
/objectDisplay?objectId=2359,339.123011
/objectDisplay?objectId=2362,363.436937
/objectDisplay?objectId=2362,538.854837
/objectDisplay?objectId=2362,477.005005
/objectDisplay?objectId=2362,373.203039
/objectDisplay?objectId=2362,393.527031
/objectDisplay?objectId=2362,370.825052
/objectDisplay?objectId=2362,358.381033
/objectDisplay?objectId=2362,557.890892
/objectDisplay?objectId=2362,468.938112
/objectDisplay?objectId=2362,374.948025
/objectDisplay?objectId=2362,392.071009
/objectDisplay?objectId=2362,375.660896
/objectDisplay?objectId=2362,357.320070
/objectDisplay?objectId=2362,556.054831
/objectDisplay?objectId=2362,473.848104
/objectDisplay?objectId=2619,432.474136
/objectDisplay?objectId=2619,426.290989
/objectDisplay?objectId=2619,400.978088
/objectDisplay?objectId=2619,397.082090
/objectDisplay?objectId=2619,601.488829
/objectDisplay?objectId=2619,504.068136
/objectDisplay?objectId=2619,417.241096
/objectDisplay?objectId=2619,414.461851
/objectDisplay?objectId=2619,400.184155
/objectDisplay?objectId=2619,432.860136
/objectDisplay?objectId=2619,606.462955
/objectDisplay?objectId=2619,469.107151
/objectDisplay?objectId=2619,404.082060
/objectDisplay?objectId=2619,410.737038
/objectDisplay?objectId=2619,402.818918
/objectDisplay?objectId=2842,384.971857
/objectDisplay?objectId=2842,503.211021
/objectDisplay?objectId=2842,385.398865
/objectDisplay?objectId=2842,315.087795
/objectDisplay?objectId=2842,329.658985
/objectDisplay?objectId=2842,320.247173
/objectDisplay?objectId=2842,316.830873
/objectDisplay?objectId=2842,492.861986
/objectDisplay?objectId=2842,429.323912
/objectDisplay?objectId=2842,329.684019
/objectDisplay?objectId=2842,330.533028
/objectDisplay?objectId=2842,325.671911
/objectDisplay?objectId=2842,317.099094
/objectDisplay?objectId=2842,428.161144
/objectDisplay?objectId=2842,470.901012
/objectDisplay?objectId=1249,412.181139
/objectDisplay?objectId=1249,362.161875
/objectDisplay?objectId=1249,359.676123
/objectDisplay?objectId=1249,359.955072
/objectDisplay?objectId=1249,397.737980
/objectDisplay?objectId=1249,545.037985
/objectDisplay?objectId=1249,431.342840
/objectDisplay?objectId=1249,355.046034
/objectDisplay?objectId=1249,369.978905
/objectDisplay?objectId=1249,356.786966
/objectDisplay?objectId=1249,358.067989
/objectDisplay?objectId=1249,546.346188
/objectDisplay?objectId=1249,461.202145
/objectDisplay?objectId=1249,366.194963
/objectDisplay?objectId=1249,375.694990
/objectDisplay?objectId=2390,317.473888
/objectDisplay?objectId=2390,290.508032
/objectDisplay?objectId=2390,390.821934
/objectDisplay?objectId=2390,455.163956
/objectDisplay?objectId=2390,338.649035
/objectDisplay?objectId=2390,302.464962
/objectDisplay?objectId=2390,320.942879
/objectDisplay?objectId=2390,298.851967
/objectDisplay?objectId=2390,292.696953
/objectDisplay?objectId=2390,459.420919
/objectDisplay?objectId=2390,408.233166
/objectDisplay?objectId=2390,315.778971
/objectDisplay?objectId=2390,309.872150
/objectDisplay?objectId=2390,291.313171
/objectDisplay?objectId=2390,297.620058
/objectDisplay?objectId=1829,342.408180
/objectDisplay?objectId=1829,475.111961
/objectDisplay?objectId=1829,355.208874
/objectDisplay?objectId=1829,286.384106
/objectDisplay?objectId=1829,314.253807
/objectDisplay?objectId=1829,292.200804
/objectDisplay?objectId=1829,289.267063
/objectDisplay?objectId=1829,429.847956
/objectDisplay?objectId=1829,421.377897
/objectDisplay?objectId=1829,321.878910
/objectDisplay?objectId=1829,296.898842
/objectDisplay?objectId=1829,294.090033
/objectDisplay?objectId=1829,292.659044
/objectDisplay?objectId=1829,311.782122
/objectDisplay?objectId=1829,477.061033
/objectDisplay?objectId=1376,776.010036
/objectDisplay?objectId=1376,668.653011
/objectDisplay?objectId=1376,656.377077
/objectDisplay?objectId=1376,655.711889
/objectDisplay?objectId=1376,833.684921
/objectDisplay?objectId=1376,802.010059
/objectDisplay?objectId=1376,672.915936
/objectDisplay?objectId=1376,674.979925
/objectDisplay?objectId=1376,684.877872
/objectDisplay?objectId=1376,1254.645824
/objectDisplay?objectId=1376,792.974949
/objectDisplay?objectId=1376,655.997992
/objectDisplay?objectId=1376,648.820162
/objectDisplay?objectId=1376,626.855850
/objectDisplay?objectId=1376,640.252113
/objectDisplay?objectId=2335,536.642075
/objectDisplay?objectId=2335,426.190853
/objectDisplay?objectId=2335,341.883183
/objectDisplay?objectId=2335,356.320143
/objectDisplay?objectId=2335,343.130827
/objectDisplay?objectId=2335,329.130173
/objectDisplay?objectId=2335,324.718952
/objectDisplay?objectId=2335,496.063948
/objectDisplay?objectId=2335,455.342054
/objectDisplay?objectId=2335,359.750032
/objectDisplay?objectId=2335,350.250959
/objectDisplay?objectId=2335,336.079121
/objectDisplay?objectId=2335,330.569029
/objectDisplay?objectId=2335,324.820995
/objectDisplay?objectId=2335,468.595028
/objectDisplay?objectId=2947,516.823053
/objectDisplay?objectId=2947,409.808159
/objectDisplay?objectId=2947,384.202957
/objectDisplay?objectId=2947,387.595892
/objectDisplay?objectId=2947,366.559982
/objectDisplay?objectId=2947,365.098953
/objectDisplay?objectId=2947,463.814974
/objectDisplay?objectId=2947,529.942036
/objectDisplay?objectId=2947,409.979820
/objectDisplay?objectId=2947,360.466003
/objectDisplay?objectId=2947,377.869129
/objectDisplay?objectId=2947,366.323948
/objectDisplay?objectId=2947,368.217945
/objectDisplay?objectId=2947,441.563129
/objectDisplay?objectId=2947,551.420927
/objectDisplay?objectId=647,401.071072
/objectDisplay?objectId=647,341.901064
/objectDisplay?objectId=647,361.177921
/objectDisplay?objectId=647,347.692013
/objectDisplay?objectId=647,337.573051
/objectDisplay?objectId=647,398.561001
/objectDisplay?objectId=647,530.844927
/objectDisplay?objectId=647,418.422937
/objectDisplay?objectId=647,342.020035
/objectDisplay?objectId=647,365.874052
/objectDisplay?objectId=647,339.105129
/objectDisplay?objectId=647,347.885847
/objectDisplay?objectId=647,354.931831
/objectDisplay?objectId=647,531.036854
/objectDisplay?objectId=647,454.885006
/objectDisplay?objectId=1753,406.551123
/objectDisplay?objectId=1753,399.420023
/objectDisplay?objectId=1753,388.509035
/objectDisplay?objectId=1753,380.923033
/objectDisplay?objectId=1753,388.834953
/objectDisplay?objectId=1753,579.562902
/objectDisplay?objectId=1753,503.469944
/objectDisplay?objectId=1753,397.763014
/objectDisplay?objectId=1753,408.211946
/objectDisplay?objectId=1753,403.644800
/objectDisplay?objectId=1753,403.391123
/objectDisplay?objectId=1753,2375.983953
/objectDisplay?objectId=1753,561.497927
/objectDisplay?objectId=1753,463.966131
/objectDisplay?objectId=1753,455.348015
/objectDisplay?objectId=2497,603.479862
/objectDisplay?objectId=2497,470.015049
/objectDisplay?objectId=2497,432.796955
/objectDisplay?objectId=2497,549.870014
/objectDisplay?objectId=2497,521.939993
/objectDisplay?objectId=2497,441.903830
/objectDisplay?objectId=2497,475.373983
/objectDisplay?objectId=2497,578.732014
/objectDisplay?objectId=2497,465.118885
/objectDisplay?objectId=2497,429.929972
/objectDisplay?objectId=2497,528.153181
/objectDisplay?objectId=2497,541.636944
/objectDisplay?objectId=2497,447.247028
/objectDisplay?objectId=2497,424.224138
/objectDisplay?objectId=2497,561.265230
/objectDisplay?objectId=1532,416.471958
/objectDisplay?objectId=1532,347.340107
/objectDisplay?objectId=1532,317.612171
/objectDisplay?objectId=1532,449.644089
/objectDisplay?objectId=1532,419.380903
/objectDisplay?objectId=1532,344.069958
/objectDisplay?objectId=1532,320.098877
/objectDisplay?objectId=1532,457.853079
/objectDisplay?objectId=1532,415.055990
/objectDisplay?objectId=1532,344.950914
/objectDisplay?objectId=1532,319.828033
/objectDisplay?objectId=1532,446.827888
/objectDisplay?objectId=1532,433.537960
/objectDisplay?objectId=1532,352.194786
/objectDisplay?objectId=1532,320.245028
/objectDisplay?objectId=968,490.539074
/objectDisplay?objectId=968,513.150930
/objectDisplay?objectId=968,414.622068
/objectDisplay?objectId=968,380.522013
/objectDisplay?objectId=968,498.785019
/objectDisplay?objectId=968,499.170065
/objectDisplay?objectId=968,406.770945
/objectDisplay?objectId=968,387.969971
/objectDisplay?objectId=968,515.092134
/objectDisplay?objectId=968,490.038872
/objectDisplay?objectId=968,403.298140
/objectDisplay?objectId=968,389.328003
/objectDisplay?objectId=968,522.220135
/objectDisplay?objectId=968,482.476950
/objectDisplay?objectId=968,405.303001
/objectDisplay?objectId=283,962.532043
/objectDisplay?objectId=283,1051.246881
/objectDisplay?objectId=283,908.670187
/objectDisplay?objectId=283,923.402071
/objectDisplay?objectId=283,1053.595066
/objectDisplay?objectId=283,912.123919
/objectDisplay?objectId=283,924.674034
/objectDisplay?objectId=283,1097.975016
/objectDisplay?objectId=283,917.712927
/objectDisplay?objectId=283,871.798992
/objectDisplay?objectId=283,1057.553053
/objectDisplay?objectId=283,956.176043
/objectDisplay?objectId=283,884.997845
/objectDisplay?objectId=283,1017.168999
/objectDisplay?objectId=283,984.372854
/objectDisplay?objectId=2940,541.263819
/objectDisplay?objectId=2940,523.966074
/objectDisplay?objectId=2940,695.024014
/objectDisplay?objectId=2940,612.194061
/objectDisplay?objectId=2940,553.024054
/objectDisplay?objectId=2940,542.024136
/objectDisplay?objectId=2940,647.330046
/objectDisplay?objectId=2940,645.782948
/objectDisplay?objectId=2940,547.187090
/objectDisplay?objectId=2940,507.122040
/objectDisplay?objectId=2940,587.007999
/objectDisplay?objectId=2940,691.492796
/objectDisplay?objectId=2940,566.090822
/objectDisplay?objectId=2940,515.290976
/objectDisplay?objectId=2940,517.266989
/objectDisplay?objectId=1395,552.685022
/objectDisplay?objectId=1395,497.858047
/objectDisplay?objectId=1395,407.155991
/objectDisplay?objectId=1395,373.707056
/objectDisplay?objectId=1395,422.350883
/objectDisplay?objectId=1395,548.108101
/objectDisplay?objectId=1395,454.877853
/objectDisplay?objectId=1395,394.039869
/objectDisplay?objectId=1395,373.434067
/objectDisplay?objectId=1395,473.812819
/objectDisplay?objectId=1395,541.588068
/objectDisplay?objectId=1395,428.609133
/objectDisplay?objectId=1395,386.137009
/objectDisplay?objectId=1395,380.455017
/objectDisplay?objectId=1395,508.955956
/objectDisplay?objectId=3071,441.807985
/objectDisplay?objectId=3071,347.327948
/objectDisplay?objectId=3071,297.563791
/objectDisplay?objectId=3071,310.872078
/objectDisplay?objectId=3071,448.152065
/objectDisplay?objectId=3071,428.481102
/objectDisplay?objectId=3071,352.568865
/objectDisplay?objectId=3071,296.689034
/objectDisplay?objectId=3071,311.800003
/objectDisplay?objectId=3071,445.595980
/objectDisplay?objectId=3071,434.707165
/objectDisplay?objectId=3071,360.429049
/objectDisplay?objectId=3071,299.591064
/objectDisplay?objectId=3071,320.277214
/objectDisplay?objectId=3071,446.036816
/objectDisplay?objectId=2377,451.272964
/objectDisplay?objectId=2377,382.586002
/objectDisplay?objectId=2377,338.703871
/objectDisplay?objectId=2377,339.538813
/objectDisplay?objectId=2377,887.421131
/objectDisplay?objectId=2377,474.631071
/objectDisplay?objectId=2377,367.876053
/objectDisplay?objectId=2377,309.329033
/objectDisplay?objectId=2377,317.668915
/objectDisplay?objectId=2377,365.118980
/objectDisplay?objectId=2377,486.232042
/objectDisplay?objectId=2377,399.461031
/objectDisplay?objectId=2377,339.905977
/objectDisplay?objectId=2377,320.379972
/objectDisplay?objectId=2377,332.031012
/objectDisplay?objectId=2590,450.962067
/objectDisplay?objectId=2590,424.484968
/objectDisplay?objectId=2590,347.944021
/objectDisplay?objectId=2590,288.190126
/objectDisplay?objectId=2590,304.874897
/objectDisplay?objectId=2590,365.393162
/objectDisplay?objectId=2590,464.412928
/objectDisplay?objectId=2590,369.157791
/objectDisplay?objectId=2590,315.382957
/objectDisplay?objectId=2590,295.530081
/objectDisplay?objectId=2590,310.336828
/objectDisplay?objectId=2590,432.189941
/objectDisplay?objectId=2590,434.062004
/objectDisplay?objectId=2590,348.488092
/objectDisplay?objectId=2590,294.923782
/objectDisplay?objectId=2986,458.842993
/objectDisplay?objectId=2986,522.341013
/objectDisplay?objectId=2986,620.921850
/objectDisplay?objectId=2986,499.704838
/objectDisplay?objectId=2986,458.295107
/objectDisplay?objectId=2986,447.855949
/objectDisplay?objectId=2986,504.906178
/objectDisplay?objectId=2986,623.818159
/objectDisplay?objectId=2986,514.162064
/objectDisplay?objectId=2986,444.885969
/objectDisplay?objectId=2986,457.175970
/objectDisplay?objectId=2986,498.386860
/objectDisplay?objectId=2986,624.267101
/objectDisplay?objectId=2986,532.260895
/objectDisplay?objectId=2986,450.648069
/objectDisplay?objectId=741,367.205143
/objectDisplay?objectId=741,369.358063
/objectDisplay?objectId=741,524.564981
/objectDisplay?objectId=741,446.336031
/objectDisplay?objectId=741,379.031897
/objectDisplay?objectId=741,336.685896
/objectDisplay?objectId=741,362.048149
/objectDisplay?objectId=741,507.801056
/objectDisplay?objectId=741,472.296953
/objectDisplay?objectId=741,382.709026
/objectDisplay?objectId=741,331.643105
/objectDisplay?objectId=741,361.189842
/objectDisplay?objectId=741,469.382048
/objectDisplay?objectId=741,492.155075
/objectDisplay?objectId=741,406.276941
/objectDisplay?objectId=1678,456.087112
/objectDisplay?objectId=1678,444.578171
/objectDisplay?objectId=1678,938.122034
/objectDisplay?objectId=1678,602.299929
/objectDisplay?objectId=1678,498.965025
/objectDisplay?objectId=1678,422.478914
/objectDisplay?objectId=1678,410.948038
/objectDisplay?objectId=1678,410.923958
/objectDisplay?objectId=1678,556.071043
/objectDisplay?objectId=1678,549.014091
/objectDisplay?objectId=1678,481.639147
/objectDisplay?objectId=1678,398.914099
/objectDisplay?objectId=1678,424.067974
/objectDisplay?objectId=1678,452.888012
/objectDisplay?objectId=1678,594.752073
/objectDisplay?objectId=2375,409.286976
/objectDisplay?objectId=2375,335.554123
/objectDisplay?objectId=2375,300.893784
/objectDisplay?objectId=2375,320.168018
/objectDisplay?objectId=2375,343.492031
/objectDisplay?objectId=2375,481.434822
/objectDisplay?objectId=2375,412.237167
/objectDisplay?objectId=2375,341.793060
/objectDisplay?objectId=2375,295.256138
/objectDisplay?objectId=2375,323.368073
/objectDisplay?objectId=2375,319.174051
/objectDisplay?objectId=2375,479.763031
/objectDisplay?objectId=2375,416.527033
/objectDisplay?objectId=2375,343.916178
/objectDisplay?objectId=2375,292.867899
/objectDisplay?objectId=642,952.256918
/objectDisplay?objectId=642,1101.294041
/objectDisplay?objectId=642,1036.417007
/objectDisplay?objectId=642,914.362192
/objectDisplay?objectId=642,933.621883
/objectDisplay?objectId=642,1115.509987
/objectDisplay?objectId=642,1037.542105
/objectDisplay?objectId=642,909.640074
/objectDisplay?objectId=642,947.422981
/objectDisplay?objectId=642,1107.684851
/objectDisplay?objectId=642,1039.828062
/objectDisplay?objectId=642,910.764933
/objectDisplay?objectId=642,941.046000
/objectDisplay?objectId=642,1090.303183
/objectDisplay?objectId=642,1050.966978
/objectDisplay?objectId=1319,357.333183
/objectDisplay?objectId=1319,322.362185
/objectDisplay?objectId=1319,337.380171
/objectDisplay?objectId=1319,384.913921
/objectDisplay?objectId=1319,493.050098
/objectDisplay?objectId=1319,404.445887
/objectDisplay?objectId=1319,333.364010
/objectDisplay?objectId=1319,324.881077
/objectDisplay?objectId=1319,339.911222
/objectDisplay?objectId=1319,381.685019
/objectDisplay?objectId=1319,494.144917
/objectDisplay?objectId=1319,408.452034
/objectDisplay?objectId=1319,343.888998
/objectDisplay?objectId=1319,324.987888
/objectDisplay?objectId=1319,330.071926
/objectDisplay?objectId=2625,415.553808
/objectDisplay?objectId=2625,519.859076
/objectDisplay?objectId=2625,439.332008
/objectDisplay?objectId=2625,380.123138
/objectDisplay?objectId=2625,357.486010
/objectDisplay?objectId=2625,365.072012
/objectDisplay?objectId=2625,361.631870
/objectDisplay?objectId=2625,973.402023
/objectDisplay?objectId=2625,470.104933
/objectDisplay?objectId=2625,381.445169
/objectDisplay?objectId=2625,321.599960
/objectDisplay?objectId=2625,337.318182
/objectDisplay?objectId=2625,344.463825
/objectDisplay?objectId=2625,499.752045
/objectDisplay?objectId=2625,471.110106
/objectDisplay?objectId=410,383.533001
/objectDisplay?objectId=410,317.440033
/objectDisplay?objectId=410,340.785980
/objectDisplay?objectId=410,340.447903
/objectDisplay?objectId=410,371.290922
/objectDisplay?objectId=410,512.537956
/objectDisplay?objectId=410,426.752090
/objectDisplay?objectId=410,347.424984
/objectDisplay?objectId=410,331.218958
/objectDisplay?objectId=410,352.591991
/objectDisplay?objectId=410,327.564955
/objectDisplay?objectId=410,446.439028
/objectDisplay?objectId=410,491.964102
/objectDisplay?objectId=410,385.714054
/objectDisplay?objectId=410,331.555128
/objectDisplay?objectId=2426,336.732149
/objectDisplay?objectId=2426,339.846849
/objectDisplay?objectId=2426,331.026077
/objectDisplay?objectId=2426,510.347843
/objectDisplay?objectId=2426,443.951130
/objectDisplay?objectId=2426,376.435041
/objectDisplay?objectId=2426,333.446980
/objectDisplay?objectId=2426,361.452103
/objectDisplay?objectId=2426,349.094152
/objectDisplay?objectId=2426,862.092972
/objectDisplay?objectId=2426,511.898041
/objectDisplay?objectId=2426,414.409876
/objectDisplay?objectId=2426,343.525887
/objectDisplay?objectId=2426,315.934896
/objectDisplay?objectId=2426,341.212988
/objectDisplay?objectId=2824,461.060047
/objectDisplay?objectId=2824,609.059811
/objectDisplay?objectId=2824,636.003971
/objectDisplay?objectId=2824,518.332005
/objectDisplay?objectId=2824,455.937147
/objectDisplay?objectId=2824,510.586023
/objectDisplay?objectId=2824,485.609055
/objectDisplay?objectId=2824,552.855015
/objectDisplay?objectId=2824,679.272175
/objectDisplay?objectId=2824,538.578987
/objectDisplay?objectId=2824,466.413975
/objectDisplay?objectId=2824,499.553919
/objectDisplay?objectId=2824,485.200167
/objectDisplay?objectId=2824,516.418934
/objectDisplay?objectId=2824,685.174942
/objectDisplay?objectId=1504,994.046926
/objectDisplay?objectId=1504,894.150972
/objectDisplay?objectId=1504,900.343895
/objectDisplay?objectId=1504,1038.937092
/objectDisplay?objectId=1504,1078.630924
/objectDisplay?objectId=1504,897.768974
/objectDisplay?objectId=1504,933.249950
/objectDisplay?objectId=1504,1424.129009
/objectDisplay?objectId=1504,1186.722040
/objectDisplay?objectId=1504,970.178843
/objectDisplay?objectId=1504,855.093956
/objectDisplay?objectId=1504,849.128008
/objectDisplay?objectId=1504,1123.404026
/objectDisplay?objectId=1504,1025.400877
/objectDisplay?objectId=1504,919.148922
/objectDisplay?objectId=1507,774.556160
/objectDisplay?objectId=1507,766.050100
/objectDisplay?objectId=1507,970.382929
/objectDisplay?objectId=1507,848.337173
/objectDisplay?objectId=1507,772.578001
/objectDisplay?objectId=1507,739.136219
/objectDisplay?objectId=1507,735.027075
/objectDisplay?objectId=1507,893.646955
/objectDisplay?objectId=1507,916.554213
/objectDisplay?objectId=1507,808.580160
/objectDisplay?objectId=1507,730.003119
/objectDisplay?objectId=1507,750.229120
/objectDisplay?objectId=1507,782.310963
/objectDisplay?objectId=1507,1034.168959
/objectDisplay?objectId=1507,798.202038
/objectDisplay?objectId=2791,429.223061
/objectDisplay?objectId=2791,397.504091
/objectDisplay?objectId=2791,414.660215
/objectDisplay?objectId=2791,397.557020
/objectDisplay?objectId=2791,447.227955
/objectDisplay?objectId=2791,598.599195
/objectDisplay?objectId=2791,500.373840
/objectDisplay?objectId=2791,450.553894
/objectDisplay?objectId=2791,411.514997
/objectDisplay?objectId=2791,397.244930
/objectDisplay?objectId=2791,416.270971
/objectDisplay?objectId=2791,397.683859
/objectDisplay?objectId=2791,440.644026
/objectDisplay?objectId=2791,601.104021
/objectDisplay?objectId=2791,506.435156
/objectDisplay?objectId=2291,399.897814
/objectDisplay?objectId=2291,364.973068
/objectDisplay?objectId=2291,341.001987
/objectDisplay?objectId=2291,359.175920
/objectDisplay?objectId=2291,354.361057
/objectDisplay?objectId=2291,364.514112
/objectDisplay?objectId=2291,544.922113
/objectDisplay?objectId=2291,454.968929
/objectDisplay?objectId=2291,393.903971
/objectDisplay?objectId=2291,375.654936
/objectDisplay?objectId=2291,332.929850
/objectDisplay?objectId=2291,362.627983
/objectDisplay?objectId=2291,346.897125
/objectDisplay?objectId=2291,367.588997
/objectDisplay?objectId=2291,546.473026
/objectDisplay?objectId=3065,442.589045
/objectDisplay?objectId=3065,365.947962
/objectDisplay?objectId=3065,357.387066
/objectDisplay?objectId=3065,311.618090
/objectDisplay?objectId=3065,333.692074
/objectDisplay?objectId=3065,332.180023
/objectDisplay?objectId=3065,324.763060
/objectDisplay?objectId=3065,431.876183
/objectDisplay?objectId=3065,507.443905
/objectDisplay?objectId=3065,371.542931
/objectDisplay?objectId=3065,375.874996
/objectDisplay?objectId=3065,327.039957
/objectDisplay?objectId=3065,317.018032
/objectDisplay?objectId=3065,337.383032
/objectDisplay?objectId=3065,328.556061
/objectDisplay?objectId=2959,510.087967
/objectDisplay?objectId=2959,702.311993
/objectDisplay?objectId=2959,618.263960
/objectDisplay?objectId=2959,542.091846
/objectDisplay?objectId=2959,520.016909
/objectDisplay?objectId=2959,496.592045
/objectDisplay?objectId=2959,509.367943
/objectDisplay?objectId=2959,493.980885
/objectDisplay?objectId=2959,572.050810
/objectDisplay?objectId=2959,701.140881
/objectDisplay?objectId=2959,566.030979
/objectDisplay?objectId=2959,554.049015
/objectDisplay?objectId=2959,494.613886
/objectDisplay?objectId=2959,500.910044
/objectDisplay?objectId=2959,514.775038
/objectDisplay?objectId=1543,332.265139
/objectDisplay?objectId=1543,398.844004
/objectDisplay?objectId=1543,503.720999
/objectDisplay?objectId=1543,391.938925
/objectDisplay?objectId=1543,360.799074
/objectDisplay?objectId=1543,337.696075
/objectDisplay?objectId=1543,301.362991
/objectDisplay?objectId=1543,333.930969
/objectDisplay?objectId=1543,320.858955
/objectDisplay?objectId=1543,316.061020
/objectDisplay?objectId=1543,485.085011
/objectDisplay?objectId=1543,489.171028
/objectDisplay?objectId=1543,342.948914
/objectDisplay?objectId=1543,375.100851
/objectDisplay?objectId=1543,305.000067
/objectDisplay?objectId=2954,344.460011
/objectDisplay?objectId=2954,325.199127
/objectDisplay?objectId=2954,329.047918
/objectDisplay?objectId=2954,356.838942
/objectDisplay?objectId=2954,514.532804
/objectDisplay?objectId=2954,446.425915
/objectDisplay?objectId=2954,359.246016
/objectDisplay?objectId=2954,367.399216
/objectDisplay?objectId=2954,313.440800
/objectDisplay?objectId=2954,327.049017
/objectDisplay?objectId=2954,332.120895
/objectDisplay?objectId=2954,329.948902
/objectDisplay?objectId=2954,416.158915
/objectDisplay?objectId=2954,508.992195
/objectDisplay?objectId=2954,397.253036
/objectDisplay?objectId=1848,353.944063
/objectDisplay?objectId=1848,323.355198
/objectDisplay?objectId=1848,285.096884
/objectDisplay?objectId=1848,305.942059
/objectDisplay?objectId=1848,292.065144
/objectDisplay?objectId=1848,299.350023
/objectDisplay?objectId=1848,420.882940
/objectDisplay?objectId=1848,480.592966
/objectDisplay?objectId=1848,340.068102
/objectDisplay?objectId=1848,344.779968
/objectDisplay?objectId=1848,310.030937
/objectDisplay?objectId=1848,286.944151
/objectDisplay?objectId=1848,310.119867
/objectDisplay?objectId=1848,294.040918
/objectDisplay?objectId=1848,289.704084
/objectDisplay?objectId=1827,1052.588940
/objectDisplay?objectId=1827,848.332167
/objectDisplay?objectId=1827,823.210001
/objectDisplay?objectId=1827,785.145044
/objectDisplay?objectId=1827,788.951874
/objectDisplay?objectId=1827,1632.066965
/objectDisplay?objectId=1827,989.613056
/objectDisplay?objectId=1827,784.442902
/objectDisplay?objectId=1827,772.779942
/objectDisplay?objectId=1827,731.489897
/objectDisplay?objectId=1827,731.557131
/objectDisplay?objectId=1827,1007.621050
/objectDisplay?objectId=1827,873.500109
/objectDisplay?objectId=1827,804.781914
/objectDisplay?objectId=1827,750.066996
/objectDisplay?objectId=1417,424.010038
/objectDisplay?objectId=1417,397.411108
/objectDisplay?objectId=1417,394.483805
/objectDisplay?objectId=1417,539.491892
/objectDisplay?objectId=1417,608.885050
/objectDisplay?objectId=1417,462.851048
/objectDisplay?objectId=1417,422.209024
/objectDisplay?objectId=1417,466.665030
/objectDisplay?objectId=1417,392.466068
/objectDisplay?objectId=1417,402.017117
/objectDisplay?objectId=1417,395.172834
/objectDisplay?objectId=1417,403.480053
/objectDisplay?objectId=1417,513.388872
/objectDisplay?objectId=1417,603.733063
/objectDisplay?objectId=1417,480.783939
/objectDisplay?objectId=2401,439.510822
/objectDisplay?objectId=2401,477.488995
/objectDisplay?objectId=2401,429.783106
/objectDisplay?objectId=2401,416.055918
/objectDisplay?objectId=2401,411.629915
/objectDisplay?objectId=2401,410.173893
/objectDisplay?objectId=2401,487.072945
/objectDisplay?objectId=2401,619.778872
/objectDisplay?objectId=2401,520.699024
/objectDisplay?objectId=2401,430.059910
/objectDisplay?objectId=2401,472.714901
/objectDisplay?objectId=2401,423.991203
/objectDisplay?objectId=2401,413.699865
/objectDisplay?objectId=2401,418.257952
/objectDisplay?objectId=2401,421.271086
/objectDisplay?objectId=2627,367.449045
/objectDisplay?objectId=2627,503.765106
/objectDisplay?objectId=2627,460.641146
/objectDisplay?objectId=2627,341.880083
/objectDisplay?objectId=2627,344.732046
/objectDisplay?objectId=2627,363.253832
/objectDisplay?objectId=2627,292.970896
/objectDisplay?objectId=2627,317.522049
/objectDisplay?objectId=2627,315.553188
/objectDisplay?objectId=2627,309.977770
/objectDisplay?objectId=2627,396.862030
/objectDisplay?objectId=2627,507.220030
/objectDisplay?objectId=2627,427.371979
/objectDisplay?objectId=2627,336.847067
/objectDisplay?objectId=2627,350.095987
/objectDisplay?objectId=1724,331.387997
/objectDisplay?objectId=1724,273.339987
/objectDisplay?objectId=1724,297.884941
/objectDisplay?objectId=1724,296.085119
/objectDisplay?objectId=1724,315.891027
/objectDisplay?objectId=1724,386.100054
/objectDisplay?objectId=1724,481.616020
/objectDisplay?objectId=1724,396.640062
/objectDisplay?objectId=1724,309.253931
/objectDisplay?objectId=1724,326.205015
/objectDisplay?objectId=1724,336.305141
/objectDisplay?objectId=1724,275.377035
/objectDisplay?objectId=1724,296.840906
/objectDisplay?objectId=1724,303.829908
/objectDisplay?objectId=1724,309.893131
/objectDisplay?objectId=2737,447.679043
/objectDisplay?objectId=2737,538.450003
/objectDisplay?objectId=2737,435.086012
/objectDisplay?objectId=2737,356.076956
/objectDisplay?objectId=2737,383.979082
/objectDisplay?objectId=2737,364.531040
/objectDisplay?objectId=2737,325.618982
/objectDisplay?objectId=2737,360.696793
/objectDisplay?objectId=2737,342.894793
/objectDisplay?objectId=2737,341.800928
/objectDisplay?objectId=2737,533.992052
/objectDisplay?objectId=2737,528.069019
/objectDisplay?objectId=2737,363.438129
/objectDisplay?objectId=2737,361.541033
/objectDisplay?objectId=2737,393.735886
/objectDisplay?objectId=2982,362.679005
/objectDisplay?objectId=2982,376.400948
/objectDisplay?objectId=2982,373.049021
/objectDisplay?objectId=2982,368.710995
/objectDisplay?objectId=2982,475.902081
/objectDisplay?objectId=2982,568.064928
/objectDisplay?objectId=2982,459.565878
/objectDisplay?objectId=2982,390.872002
/objectDisplay?objectId=2982,420.947075
/objectDisplay?objectId=2982,376.352072
/objectDisplay?objectId=2982,378.501177
/objectDisplay?objectId=2982,385.954857
/objectDisplay?objectId=2982,374.676943
/objectDisplay?objectId=2982,401.779890
/objectDisplay?objectId=2982,570.569038
/objectDisplay?objectId=2412,491.255045
/objectDisplay?objectId=2412,350.277901
/objectDisplay?objectId=2412,349.876881
/objectDisplay?objectId=2412,376.969099
/objectDisplay?objectId=2412,320.474863
/objectDisplay?objectId=2412,335.425854
/objectDisplay?objectId=2412,334.165812
/objectDisplay?objectId=2412,333.977938
/objectDisplay?objectId=2412,422.006845
/objectDisplay?objectId=2412,526.444912
/objectDisplay?objectId=2412,440.893173
/objectDisplay?objectId=2412,349.759102
/objectDisplay?objectId=2412,372.038126
/objectDisplay?objectId=2412,359.513044
/objectDisplay?objectId=2412,328.351021
/objectDisplay?objectId=1632,348.717928
/objectDisplay?objectId=1632,349.064827
/objectDisplay?objectId=1632,343.702078
/objectDisplay?objectId=1632,434.254169
/objectDisplay?objectId=1632,550.848007
/objectDisplay?objectId=1632,438.596010
/objectDisplay?objectId=1632,373.300791
/objectDisplay?objectId=1632,390.539885
/objectDisplay?objectId=1632,372.177124
/objectDisplay?objectId=1632,364.173174
/objectDisplay?objectId=1632,359.052896
/objectDisplay?objectId=1632,348.941088
/objectDisplay?objectId=1632,344.888926
/objectDisplay?objectId=1632,488.473892
/objectDisplay?objectId=1632,529.207945
/objectDisplay?objectId=2907,408.555984
/objectDisplay?objectId=2907,369.536877
/objectDisplay?objectId=2907,352.367163
/objectDisplay?objectId=2907,410.192013
/objectDisplay?objectId=2907,353.895903
/objectDisplay?objectId=2907,337.008953
/objectDisplay?objectId=2907,351.133108
/objectDisplay?objectId=2907,354.321957
/objectDisplay?objectId=2907,370.653868
/objectDisplay?objectId=2907,538.694859
/objectDisplay?objectId=2907,514.668226
/objectDisplay?objectId=2907,369.749069
/objectDisplay?objectId=2907,348.699808
/objectDisplay?objectId=2907,371.374846
/objectDisplay?objectId=2907,389.989853
/objectDisplay?objectId=2945,362.028122
/objectDisplay?objectId=2945,367.443085
/objectDisplay?objectId=2945,371.218920
/objectDisplay?objectId=2945,360.692978
/objectDisplay?objectId=2945,473.515034
/objectDisplay?objectId=2945,571.034908
/objectDisplay?objectId=2945,455.444098
/objectDisplay?objectId=2945,383.643866
/objectDisplay?objectId=2945,372.424841
/objectDisplay?objectId=2945,419.600010
/objectDisplay?objectId=2945,348.606825
/objectDisplay?objectId=2945,357.640028
/objectDisplay?objectId=2945,369.708061
/objectDisplay?objectId=2945,351.748943
/objectDisplay?objectId=2945,431.507111
/objectDisplay?objectId=2293,475.136042
/objectDisplay?objectId=2293,419.601202
/objectDisplay?objectId=2293,314.111948
/objectDisplay?objectId=2293,299.268007
/objectDisplay?objectId=2293,304.140806
/objectDisplay?objectId=2293,337.581873
/objectDisplay?objectId=2293,281.588078
/objectDisplay?objectId=2293,272.804022
/objectDisplay?objectId=2293,297.947884
/objectDisplay?objectId=2293,278.337955
/objectDisplay?objectId=2293,306.596041
/objectDisplay?objectId=2293,469.161034
/objectDisplay?objectId=2293,461.424828
/objectDisplay?objectId=2293,326.100111
/objectDisplay?objectId=2293,298.842907
/objectDisplay?objectId=2773,357.479811
/objectDisplay?objectId=2773,384.380817
/objectDisplay?objectId=2773,334.851980
/objectDisplay?objectId=2773,316.723824
/objectDisplay?objectId=2773,341.269970
/objectDisplay?objectId=2773,331.876993
/objectDisplay?objectId=2773,330.616951
/objectDisplay?objectId=2773,519.932985
/objectDisplay?objectId=2773,515.455008
/objectDisplay?objectId=2773,361.449003
/objectDisplay?objectId=2773,347.532988
/objectDisplay?objectId=2773,330.926895
/objectDisplay?objectId=2773,389.590979
/objectDisplay?objectId=2773,332.443953
/objectDisplay?objectId=2773,313.627958
/objectDisplay?objectId=1318,347.551107
/objectDisplay?objectId=1318,339.787006
/objectDisplay?objectId=1318,348.533154
/objectDisplay?objectId=1318,529.225826
/objectDisplay?objectId=1318,514.792919
/objectDisplay?objectId=1318,377.597809
/objectDisplay?objectId=1318,352.987051
/objectDisplay?objectId=1318,357.465982
/objectDisplay?objectId=1318,395.831108
/objectDisplay?objectId=1318,327.309132
/objectDisplay?objectId=1318,332.242012
/objectDisplay?objectId=1318,338.093996
/objectDisplay?objectId=1318,331.660986
/objectDisplay?objectId=1318,396.721125
/objectDisplay?objectId=1318,533.043146
/objectDisplay?objectId=2725,487.964869
/objectDisplay?objectId=2725,368.445873
/objectDisplay?objectId=2725,350.631952
/objectDisplay?objectId=2725,370.038033
/objectDisplay?objectId=2725,386.692047
/objectDisplay?objectId=2725,319.359779
/objectDisplay?objectId=2725,335.850000
/objectDisplay?objectId=2725,338.311911
/objectDisplay?objectId=2725,337.078810
/objectDisplay?objectId=2725,451.987982
/objectDisplay?objectId=2725,533.251047
/objectDisplay?objectId=2725,440.320969
/objectDisplay?objectId=2725,352.628946
/objectDisplay?objectId=2725,340.770006
/objectDisplay?objectId=2725,374.958992
/objectDisplay?objectId=2379,361.701012
/objectDisplay?objectId=2379,304.373026
/objectDisplay?objectId=2379,323.542833
/objectDisplay?objectId=2379,330.487013
/objectDisplay?objectId=2379,320.757866
/objectDisplay?objectId=2379,454.767942
/objectDisplay?objectId=2379,521.719933
/objectDisplay?objectId=2379,411.123037
/objectDisplay?objectId=2379,348.289967
/objectDisplay?objectId=2379,335.003138
/objectDisplay?objectId=2379,365.255833
/objectDisplay?objectId=2379,341.353178
/objectDisplay?objectId=2379,311.714888
/objectDisplay?objectId=2379,324.383974
/objectDisplay?objectId=2379,318.756104
/objectDisplay?objectId=1892,327.442884
/objectDisplay?objectId=1892,490.439892
/objectDisplay?objectId=1892,515.381098
/objectDisplay?objectId=1892,353.133917
/objectDisplay?objectId=1892,333.349943
/objectDisplay?objectId=1892,329.052925
/objectDisplay?objectId=1892,370.850086
/objectDisplay?objectId=1892,319.014072
/objectDisplay?objectId=1892,309.249163
/objectDisplay?objectId=1892,314.082861
/objectDisplay?objectId=1892,321.385145
/objectDisplay?objectId=1892,329.575062
/objectDisplay?objectId=1892,511.977196
/objectDisplay?objectId=1892,512.202978
/objectDisplay?objectId=1892,322.693825
/objectDisplay?objectId=649,318.725109
/objectDisplay?objectId=649,325.417042
/objectDisplay?objectId=649,352.821112
/objectDisplay?objectId=649,314.952135
/objectDisplay?objectId=649,284.530163
/objectDisplay?objectId=649,304.018021
/objectDisplay?objectId=649,295.528889
/objectDisplay?objectId=649,303.081989
/objectDisplay?objectId=649,481.137991
/objectDisplay?objectId=649,489.313126
/objectDisplay?objectId=649,341.641188
/objectDisplay?objectId=649,299.105883
/objectDisplay?objectId=649,310.397148
/objectDisplay?objectId=649,339.879036
/objectDisplay?objectId=649,317.332983
/objectDisplay?objectId=2355,278.313160
/objectDisplay?objectId=2355,297.984123
/objectDisplay?objectId=2355,288.990974
/objectDisplay?objectId=2355,296.036005
/objectDisplay?objectId=2355,435.457945
/objectDisplay?objectId=2355,482.830048
/objectDisplay?objectId=2355,354.992151
/objectDisplay?objectId=2355,313.349009
/objectDisplay?objectId=2355,294.903994
/objectDisplay?objectId=2355,330.847025
/objectDisplay?objectId=2355,317.305088
/objectDisplay?objectId=2355,283.199072
/objectDisplay?objectId=2355,288.982153
/objectDisplay?objectId=2355,293.270826
/objectDisplay?objectId=2355,297.291040
/objectDisplay?objectId=1887,471.451998
/objectDisplay?objectId=1887,556.044102
/objectDisplay?objectId=1887,465.216160
/objectDisplay?objectId=1887,361.464977
/objectDisplay?objectId=1887,362.325191
/objectDisplay?objectId=1887,401.174068
/objectDisplay?objectId=1887,391.481161
/objectDisplay?objectId=1887,352.186918
/objectDisplay?objectId=1887,358.958006
/objectDisplay?objectId=1887,366.616011
/objectDisplay?objectId=1887,354.347944
/objectDisplay?objectId=1887,482.854843
/objectDisplay?objectId=1887,601.256132
/objectDisplay?objectId=1887,461.416006
/objectDisplay?objectId=1887,389.386892
/objectDisplay?objectId=1387,350.326061
/objectDisplay?objectId=1387,377.795935
/objectDisplay?objectId=1387,367.689848
/objectDisplay?objectId=1387,315.182924
/objectDisplay?objectId=1387,328.511000
/objectDisplay?objectId=1387,333.462000
/objectDisplay?objectId=1387,307.281017
/objectDisplay?objectId=1387,410.237074
/objectDisplay?objectId=1387,509.413958
/objectDisplay?objectId=1387,441.819906
/objectDisplay?objectId=1387,346.550941
/objectDisplay?objectId=1387,310.449123
/objectDisplay?objectId=1387,329.432964
/objectDisplay?objectId=1387,330.280066
/objectDisplay?objectId=1387,370.609999
/objectDisplay?objectId=1448,342.758894
/objectDisplay?objectId=1448,343.934059
/objectDisplay?objectId=1448,354.768038
/objectDisplay?objectId=1448,338.788986
/objectDisplay?objectId=1448,381.897926
/objectDisplay?objectId=1448,539.940119
/objectDisplay?objectId=1448,510.153055
/objectDisplay?objectId=1448,370.097876
/objectDisplay?objectId=1448,338.722944
/objectDisplay?objectId=1448,358.481169
/objectDisplay?objectId=1448,363.789082
/objectDisplay?objectId=1448,394.784927
/objectDisplay?objectId=1448,328.513861
/objectDisplay?objectId=1448,343.470812
/objectDisplay?objectId=1448,343.382120
/objectDisplay?objectId=929,403.542995
/objectDisplay?objectId=929,499.910831
/objectDisplay?objectId=929,605.928898
/objectDisplay?objectId=929,499.459028
/objectDisplay?objectId=929,404.947042
/objectDisplay?objectId=929,386.976957
/objectDisplay?objectId=929,397.886038
/objectDisplay?objectId=929,450.499058
/objectDisplay?objectId=929,381.227016
/objectDisplay?objectId=929,379.630089
/objectDisplay?objectId=929,395.112991
/objectDisplay?objectId=929,377.130985
/objectDisplay?objectId=929,490.139008
/objectDisplay?objectId=929,601.694107
/objectDisplay?objectId=929,519.932032
/objectDisplay?objectId=2404,355.512142
/objectDisplay?objectId=2404,340.999842
/objectDisplay?objectId=2404,330.852032
/objectDisplay?objectId=2404,349.858999
/objectDisplay?objectId=2404,383.258820
/objectDisplay?objectId=2404,313.602209
/objectDisplay?objectId=2404,331.803083
/objectDisplay?objectId=2404,335.117102
/objectDisplay?objectId=2404,317.039967
/objectDisplay?objectId=2404,387.885094
/objectDisplay?objectId=2404,523.352146
/objectDisplay?objectId=2404,492.922068
/objectDisplay?objectId=2404,354.416132
/objectDisplay?objectId=2404,338.754892
/objectDisplay?objectId=2404,331.982851
/objectDisplay?objectId=3102,391.611099
/objectDisplay?objectId=3102,441.743135
/objectDisplay?objectId=3102,407.529116
/objectDisplay?objectId=3102,388.854980
/objectDisplay?objectId=3102,394.142151
/objectDisplay?objectId=3102,375.695944
/objectDisplay?objectId=3102,427.543879
/objectDisplay?objectId=3102,582.540035
/objectDisplay?objectId=3102,550.611973
/objectDisplay?objectId=3102,418.080807
/objectDisplay?objectId=3102,385.634899
/objectDisplay?objectId=3102,402.860165
/objectDisplay?objectId=3102,390.286922
/objectDisplay?objectId=3102,440.800905
/objectDisplay?objectId=3102,380.817890
/objectDisplay?objectId=1434,329.594135
/objectDisplay?objectId=1434,337.429047
/objectDisplay?objectId=1434,326.792002
/objectDisplay?objectId=1434,375.785112
/objectDisplay?objectId=1434,530.696869
/objectDisplay?objectId=1434,501.416922
/objectDisplay?objectId=1434,362.022161
/objectDisplay?objectId=1434,342.001915
/objectDisplay?objectId=1434,344.781876
/objectDisplay?objectId=1434,335.125923
/objectDisplay?objectId=1434,387.990952
/objectDisplay?objectId=1434,337.594986
/objectDisplay?objectId=1434,333.720207
/objectDisplay?objectId=1434,333.096981
/objectDisplay?objectId=1434,332.359791
/objectDisplay?objectId=2397,405.176878
/objectDisplay?objectId=2397,590.852976
/objectDisplay?objectId=2397,610.608101
/objectDisplay?objectId=2397,415.918112
/objectDisplay?objectId=2397,402.688026
/objectDisplay?objectId=2397,404.436111
/objectDisplay?objectId=2397,398.368120
/objectDisplay?objectId=2397,484.283924
/objectDisplay?objectId=2397,410.185099
/objectDisplay?objectId=2397,403.934002
/objectDisplay?objectId=2397,403.007984
/objectDisplay?objectId=2397,415.868998
/objectDisplay?objectId=2397,645.249128
/objectDisplay?objectId=2397,900.858879
/objectDisplay?objectId=2397,760.120869
/objectDisplay?objectId=2999,413.960934
/objectDisplay?objectId=2999,372.438908
/objectDisplay?objectId=2999,368.333101
/objectDisplay?objectId=2999,346.729040
/objectDisplay?objectId=2999,352.674961
/objectDisplay?objectId=2999,425.729990
/objectDisplay?objectId=2999,373.009205
/objectDisplay?objectId=2999,373.468876
/objectDisplay?objectId=2999,362.936020
/objectDisplay?objectId=2999,351.786137
/objectDisplay?objectId=2999,422.543049
/objectDisplay?objectId=2999,563.796043
/objectDisplay?objectId=2999,526.279926
/objectDisplay?objectId=2999,380.653143
/objectDisplay?objectId=2999,368.254185
/objectDisplay?objectId=2759,302.371979
/objectDisplay?objectId=2759,305.788040
/objectDisplay?objectId=2759,319.753885
/objectDisplay?objectId=2759,346.091986
/objectDisplay?objectId=2759,289.956808
/objectDisplay?objectId=2759,286.943913
/objectDisplay?objectId=2759,296.775103
/objectDisplay?objectId=2759,297.789812
/objectDisplay?objectId=2759,364.593029
/objectDisplay?objectId=2759,494.251966
/objectDisplay?objectId=2759,454.391003
/objectDisplay?objectId=2759,332.221031
/objectDisplay?objectId=2759,318.338156
/objectDisplay?objectId=2759,303.615093
/objectDisplay?objectId=2759,335.472107
/objectDisplay?objectId=1886,548.387051
/objectDisplay?objectId=1886,406.436920
/objectDisplay?objectId=1886,408.676147
/objectDisplay?objectId=1886,367.625952
/objectDisplay?objectId=1886,377.754927
/objectDisplay?objectId=1886,370.520115
/objectDisplay?objectId=1886,377.517939
/objectDisplay?objectId=1886,514.503002
/objectDisplay?objectId=1886,576.115131
/objectDisplay?objectId=1886,461.741924
/objectDisplay?objectId=1886,362.776995
/objectDisplay?objectId=1886,378.301144
/objectDisplay?objectId=1886,384.422779
/objectDisplay?objectId=1886,371.413946
/objectDisplay?objectId=1886,420.414925
/objectDisplay?objectId=2363,352.648973
/objectDisplay?objectId=2363,302.375078
/objectDisplay?objectId=2363,316.666842
/objectDisplay?objectId=2363,315.314054
/objectDisplay?objectId=2363,322.315216
/objectDisplay?objectId=2363,483.669996
/objectDisplay?objectId=2363,516.070127
/objectDisplay?objectId=2363,390.321016
/objectDisplay?objectId=2363,348.135948
/objectDisplay?objectId=2363,341.408014
/objectDisplay?objectId=2363,321.265936
/objectDisplay?objectId=2363,318.530083
/objectDisplay?objectId=2363,345.537186
/objectDisplay?objectId=2363,367.741108
/objectDisplay?objectId=2363,301.169157
/objectDisplay?objectId=465,1259.973049
/objectDisplay?objectId=465,1226.156950
/objectDisplay?objectId=465,1512.035131
/objectDisplay?objectId=465,1410.809994
/objectDisplay?objectId=465,1271.048069
/objectDisplay?objectId=465,1237.601042
/objectDisplay?objectId=465,1260.905981
/objectDisplay?objectId=465,1280.175924
/objectDisplay?objectId=465,1234.447002
/objectDisplay?objectId=465,1559.029818
/objectDisplay?objectId=465,1473.016024
/objectDisplay?objectId=465,1413.981199
/objectDisplay?objectId=465,1283.388138
/objectDisplay?objectId=465,1236.057043
/objectDisplay?objectId=465,1267.772913
/objectDisplay?objectId=1544,353.224039
/objectDisplay?objectId=1544,290.000916
/objectDisplay?objectId=1544,310.981989
/objectDisplay?objectId=1544,310.759068
/objectDisplay?objectId=1544,313.158989
/objectDisplay?objectId=1544,403.330088
/objectDisplay?objectId=1544,504.726887
/objectDisplay?objectId=1544,449.413061
/objectDisplay?objectId=1544,327.488899
/objectDisplay?objectId=1544,321.122885
/objectDisplay?objectId=1544,311.270952
/objectDisplay?objectId=1544,302.999020
/objectDisplay?objectId=1544,309.049845
/objectDisplay?objectId=1544,319.484949
/objectDisplay?objectId=1544,359.632969
/objectDisplay?objectId=2650,478.384972
/objectDisplay?objectId=2650,486.572981
/objectDisplay?objectId=2650,470.546961
/objectDisplay?objectId=2650,486.764908
/objectDisplay?objectId=2650,703.758001
/objectDisplay?objectId=2650,719.166994
/objectDisplay?objectId=2650,507.089138
/objectDisplay?objectId=2650,504.869223
/objectDisplay?objectId=2650,487.024784
/objectDisplay?objectId=2650,485.119104
/objectDisplay?objectId=2650,483.037949
/objectDisplay?objectId=2650,542.707920
/objectDisplay?objectId=2650,487.439871
/objectDisplay?objectId=2650,485.866070
/objectDisplay?objectId=2650,471.364975
/objectDisplay?objectId=2370,297.145128
/objectDisplay?objectId=2370,368.867874
/objectDisplay?objectId=2370,486.139059
/objectDisplay?objectId=2370,457.638025
/objectDisplay?objectId=2370,314.069033
/objectDisplay?objectId=2370,304.522038
/objectDisplay?objectId=2370,290.693998
/objectDisplay?objectId=2370,288.963079
/objectDisplay?objectId=2370,294.262171
/objectDisplay?objectId=2370,309.340954
/objectDisplay?objectId=2370,359.416008
/objectDisplay?objectId=2370,272.819042
/objectDisplay?objectId=2370,300.534010
/objectDisplay?objectId=2370,273.540020
/objectDisplay?objectId=2370,286.743164
